standerror_origan_delta_hedge ,0.00599653,0.00585749,0.0057498,0.0058853,0.0055339,0.00541686,0.00541605,0.00537715,0.00537486,0.00535479,0.00538773,0.00551355,0.00619784,0.0084018, 
standerror_newmodel_delta_hedge ,0.00599562,0.00585667,0.0057491,0.0058853,0.0055338,0.00541681,0.00541606,0.00537716,0.00537496,0.00535507,0.00538719,0.0055121,0.00619007,0.00840263, 
 Date  ,  Opening  , High , Low , Close , Impiled Volatility ,  Delta  ,  Portfolio_Value ,  DAX  , Portfolio_Value_Normalization , Newmodel Implied Volatility , Newmodel Delta , Newmodel Price ,  Newmodel_Normalization ,,
9100,,,,,,,,,,,,,,,
43535,27.01,27.73,26.73,27.73,0.218683,0.85039,22.2446,11543.5,-0.00315262,0.211395,0.849952,26.7607,-0.00314555, ,
43532,26.35,26.84,26.25,26.78,0.211341,0.849542,33.7695,11457.8,-0.00465886,0.200842,0.8635,26.9555,-0.00465895, ,
43531,27.19,27.69,26.76,26.96,0.200783,0.863399,-4.43502,11517.8,0.000608436,0.202116,0.867417,27.6057,0.000607432, ,
43530,27.77,27.93,27.54,27.61,0.20205,0.867322,-11.3107,11587.6,0.00155622,0.205559,0.866567,28.0057,0.00155556, ,
43529,27.64,28.05,27.56,28.01,0.20549,0.866474,18.5709,11620.7,-0.00253444,0.199305,0.870076,27.5758,-0.00253371, ,
43528,28.2,28.2,27.35,27.58,0.199239,0.869982,-40.2497,11592.7,0.00561912,0.211484,0.859668,28.0417,0.00561502, ,
43525,27.73,28.34,27.73,28.06,0.211417,0.859271,21.1237,11601.7,-0.00294341,0.204726,0.858724,27.1053,-0.00294175, ,
43524,26.41,27.25,26.41,27.11,0.204667,0.858625,-5.20582,11515.6,0.000730114,0.206139,0.855143,26.9151,0.000730396, ,
43523,26.97,27,26.57,26.92,0.206082,0.855042,9.06196,11487.3,-0.00125603,0.203186,0.861714,27.2855,-0.00125655, ,
43522,26.43,27.32,26.43,27.29,0.203125,0.861618,28.2929,11540.8,-0.00387041,0.193928,0.867522,26.6957,-0.00386934, ,
43521,27.01,27.09,26.7,26.7,0.19387,0.867423,-21.8809,11505.4,0.00305134,0.200324,0.857636,26.4924,0.00305206, ,
43518,26.32,26.78,26.32,26.51,0.20027,0.857232,17.4117,11457.7,-0.00241302,0.194702,0.859729,26.0354,-0.00241212, ,
43517,26.69,26.69,26.04,26.04,0.194652,0.859625,-48.997,11423.3,0.00700546,0.209345,0.844618,26.3447,0.00700458, ,
43516,25.67,26.38,25.47,26.35,0.209297,0.844513,11.108,11402,-0.00159815,0.205971,0.83983,25.4544,-0.00159638, ,
43515,25.11,25.47,24.78,25.46,0.205932,0.839719,6.58594,11309.2,-0.00094532,0.203865,0.840693,25.3045,-0.000944988, ,
43514,25.21,25.31,24.95,25.31,0.203827,0.840581,2.50434,11299.2,-0.000358879,0.202547,0.841765,25.271,-0.00035868, ,
43511,23,25.29,23,25.29,0.202509,0.841364,-9.25716,11299.8,0.00137546,0.205558,0.820357,23.6534,0.001379, ,
43510,24.32,24.41,23.5,23.66,0.20554,0.820235,-1.99015,11089.8,0.00029268,0.205983,0.826801,24.3138,0.000291284, ,
43509,24.02,24.39,23.78,24.32,0.205958,0.826683,17.9637,11167.2,-0.00263203,0.200799,0.827459,23.7938,-0.00263078, ,
43508,23.62,23.88,23.62,23.8,0.200778,0.827337,25.2234,11126.1,-0.00370714,0.193671,0.823311,22.6236,-0.00370422, ,
43507,22.24,22.88,22.24,22.63,0.193661,0.823181,-47.4347,11014.6,0.00727488,0.206078,0.802118,22.2175,0.00727656, ,
43504,22.58,22.87,21.62,22.24,0.206079,0.801735,18.1002,10906.8,-0.00270145,0.201344,0.816689,22.9933,-0.00270305, ,
43503,24.75,24.77,22.91,23,0.201333,0.816564,38.9774,11022,-0.00546473,0.191649,0.852361,25.1852,-0.00546836, ,
43502,25.38,25.38,25.12,25.19,0.191609,0.852254,-19.2098,11324.7,0.00270841,0.197197,0.850531,25.7451,0.00270733, ,
43501,24.13,25.75,24.13,25.75,0.197152,0.850428,-7.21023,11368,0.00104893,0.199583,0.831934,24.2242,0.00105197, ,
43500,24.23,24.23,23.58,24.23,0.199557,0.831818,3.39919,11176.6,-0.000493221,0.198068,0.833515,24.2109,-0.000493139, ,
43497,24.3,24.46,23.98,24.23,0.198041,0.83312,-7.2803,11180.7,0.00106172,0.199911,0.83078,24.2341,0.00106165, ,
43496,24.71,25.28,23.37,24.24,0.199885,0.830665,-35.9539,11173.1,0.00533718,0.209538,0.8232,24.6637,0.00533605, ,
43495,24.56,24.74,24.26,24.67,0.209511,0.823089,28.9631,11181.7,-0.00421192,0.201472,0.833127,24.6843,-0.00421175, ,
43494,24.64,24.9,24.42,24.69,0.201442,0.833015,-30.032,11218.8,0.00444266,0.209525,0.825413,24.9139,0.00444199, ,
43493,25.08,25.08,24.44,24.92,0.209495,0.825304,45.2059,11210.3,-0.00646231,0.19657,0.842657,25.0519,-0.00646223, ,
43490,24.68,25.56,24.68,25.07,0.196533,0.842269,-32.4533,11281.8,0.00482828,0.205778,0.820989,24.1437,0.00482993, ,
43489,23.42,24.15,23.42,24.15,0.205756,0.820876,21.882,11130.2,-0.0032466,0.19973,0.820688,23.4437,-0.00324494, ,
43488,23.27,24.03,23.27,23.45,0.199714,0.820569,30.4089,11071.5,-0.00442503,0.191297,0.82987,23.2942,-0.00442449, ,
43487,23.61,24.08,23.07,23.3,0.191279,0.82975,-52.1383,11090.1,0.00774926,0.205224,0.821592,24.1938,0.00774705, ,
43486,24.46,24.46,24.08,24.2,0.205202,0.82148,-20.9337,11136.2,0.00311326,0.210253,0.823357,24.9594,0.00310759, ,
43483,22.99,24.98,22.99,24.98,0.210224,0.822992,10.8775,11205.5,-0.00168351,0.208145,0.798678,22.5725,-0.00167788, ,
43482,21.97,22.58,21.85,22.58,0.208144,0.798559,13.1262,10918.6,-0.00201445,0.204642,0.802505,22.5428,-0.00201427, ,
43481,22.53,22.59,22.13,22.55,0.20464,0.802384,-21.3413,10931.2,0.00333043,0.209862,0.794567,22.4423,0.00333049, ,
43480,22.9,22.9,21.86,22.45,0.209864,0.794449,-15.2821,10891.8,0.00241609,0.213474,0.788363,22.312,0.00241627, ,
43479,21.84,22.32,21.77,22.32,0.21348,0.788246,15.052,10855.9,-0.00235072,0.209218,0.794399,22.3972,-0.00235104, ,
43476,22.84,22.84,22.15,22.42,0.209221,0.794049,-25.9473,10887.5,0.00407856,0.215439,0.792753,22.9422,0.00407716, ,
43475,21.87,22.95,21.87,22.95,0.215439,0.792641,32.5,10921.6,-0.00505434,0.207191,0.796031,22.3925,-0.00505281, ,
43474,22.6,22.87,22.25,22.4,0.207193,0.795912,-35.763,10893.3,0.00573996,0.215905,0.780987,22.0516,0.00574046, ,
43473,21.29,22.43,21.29,22.06,0.215916,0.780873,26.2047,10804,-0.0041969,0.20941,0.779797,21.3516,-0.00419496, ,
43472,22.03,22.03,20.88,21.36,0.209427,0.779678,-33.5672,10747.8,0.00543724,0.216874,0.776583,21.8254,0.00543319, ,
43469,19.82,21.85,19.67,21.85,0.216889,0.776264,12.0581,10767.7,-0.00207875,0.215339,0.740622,19.1195,-0.00207169, ,
43468,19.6,19.77,19.05,19.13,0.21539,0.740512,-9.25928,10416.7,0.00155361,0.217583,0.756795,20.4503,0.00155025, ,
43467,19.71,20.62,19.15,20.46,0.217617,0.756684,-1.01702,10580.2,0.000171358,0.216879,0.754902,20.2675,0.000172889, ,
43462,19.31,20.42,19.31,20.31,0.216916,0.754434,-35.7431,10559,0.00632235,0.225189,0.731249,19.3589,0.00632428, ,
43461,20.53,20.53,18.49,19.37,0.225244,0.731152,159.117,10381.5,-0.0251265,0.189059,0.78193,19.7077,-0.0251249, ,
43455,20.26,20.58,19.75,19.75,0.189088,0.781247,-48.4925,10633.8,0.00786776,0.20045,0.770019,20.0513,0.00786655, ,
43454,20.61,20.85,19.72,20.06,0.200481,0.769897,62.8317,10611.1,-0.00962471,0.185663,0.798477,20.6629,-0.00962574, ,
43453,21.68,22.06,20.47,20.67,0.185678,0.798346,-111.619,10766.2,0.0181105,0.212479,0.774925,21.5815,0.0181075, ,
43452,21.07,22.14,21.07,21.59,0.212497,0.774813,87.8551,10740.9,-0.01361,0.191333,0.793948,20.9526,-0.0136077, ,
43451,22.28,22.28,20.96,20.96,0.191348,0.793822,-40.5901,10772.2,0.00631273,0.200789,0.795578,22.0885,0.00630418, ,
43448,21.88,22.48,21.3,22.11,0.200793,0.795239,-0.809289,10865.8,0.000124711,0.20086,0.800896,22.583,0.000123663, ,
43447,23.13,23.13,22.53,22.59,0.200859,0.800783,-24.2324,10924.7,0.00377472,0.206616,0.796735,22.8628,0.00377394, ,
43446,22.2,23,21.99,22.87,0.206614,0.796625,-23.8663,10929.4,0.00385393,0.212443,0.778153,21.9417,0.00385582, ,
43445,21.13,22.27,20.89,21.95,0.212457,0.778044, ,,,,,,,,
9500,,,,,,,,,,,,,,,
43535,23.66,24.35,23.4,24.35,0.208663,0.818167,19.2287,11543.5,-0.0027514,0.203006,0.815123,23.4373,-0.00274432, ,
43532,23.03,23.5,22.94,23.46,0.203,0.8147,33.6597,11457.8,-0.00468978,0.193868,0.828355,23.6134,-0.0046899, ,
43531,23.84,24.31,23.42,23.62,0.193856,0.828217,-0.73834,11517.8,0.000101883,0.193943,0.834466,24.2037,0.000100577, ,
43530,24.39,24.55,24.17,24.21,0.193925,0.834332,-13.3916,11587.6,0.00185279,0.19748,0.833966,24.6137,0.00185181, ,
43529,24.27,24.66,24.19,24.62,0.197458,0.833836,17.5265,11620.7,-0.00241081,0.19238,0.836089,24.2038,-0.00240978, ,
43528,24.82,24.82,23.99,24.21,0.192361,0.835956,-39.5414,11592.7,0.00554885,0.202663,0.827371,24.6585,0.00554455, ,
43525,24.36,24.95,24.36,24.68,0.202643,0.826953,20.0975,11601.7,-0.00282561,0.197071,0.824198,23.7632,-0.00282337, ,
43524,23.09,23.9,23.09,23.77,0.19706,0.824064,-6.21391,11515.6,0.000880202,0.198551,0.820137,23.593,0.000880549, ,
43523,23.63,23.69,23.26,23.6,0.198542,0.820002,10.2293,11487.3,-0.00142985,0.195669,0.827468,23.9334,-0.00143054, ,
43522,23.12,23.96,23.12,23.94,0.195655,0.827336,27.5739,11540.8,-0.00381557,0.187914,0.831373,23.3636,-0.00381405, ,
43521,23.66,23.74,23.37,23.37,0.187903,0.831236,-16.2302,11505.4,0.0022823,0.191813,0.823047,23.1192,0.00228358, ,
43518,22.99,23.44,22.99,23.14,0.191807,0.822621,9.71348,11457.7,-0.00136585,0.189028,0.821945,22.7532,-0.00136486, ,
43517,23.37,23.37,22.76,22.76,0.189025,0.821804,-46.2394,11423.3,0.00668315,0.200972,0.8091,23.0425,0.00668209, ,
43516,22.41,23.06,22.22,23.05,0.200971,0.808965,12.5451,11402,-0.00182888,0.197649,0.802802,22.1722,-0.00182656, ,
43515,21.85,22.2,21.6,22.18,0.197657,0.802662,6.96008,11309.2,-0.00101274,0.195694,0.803345,22.0222,-0.0010123, ,
43514,21.94,22.03,21.7,22.03,0.195703,0.803203,1.48191,11299.2,-0.000215415,0.194756,0.804082,21.9975,-0.000215306, ,
43511,19.83,22.02,19.83,22.02,0.194765,0.803674,-8.73782,11299.8,0.00132404,0.197334,0.779812,20.461,0.00132828, ,
43510,21.09,21.16,20.33,20.47,0.197363,0.779668,-1.01485,11089.8,0.000151776,0.197475,0.787763,21.0814,0.000150098, ,
43509,20.8,21.15,20.58,21.09,0.197497,0.787621,16.6385,11167.2,-0.00248632,0.193226,0.78677,20.5914,-0.00248482, ,
43508,20.43,20.67,20.43,20.6,0.193253,0.786624,24.1293,11126.1,-0.00363759,0.187274,0.779331,19.4811,-0.0036341, ,
43507,19.12,19.7,19.12,19.49,0.187311,0.779178,-44.7799,11014.6,0.00703929,0.197565,0.758911,19.0941,0.00704101, ,
43504,19.44,19.71,18.53,19.12,0.197613,0.758558,19.2861,10906.8,-0.00294097,0.193087,0.774933,19.8109,-0.00294281, ,
43503,21.49,21.53,19.75,19.82,0.193124,0.774788,36.2265,11022,-0.00516054,0.185404,0.813577,21.9129,-0.00516552, ,
43502,22.1,22.1,21.86,21.92,0.185411,0.813434,-17.8091,11324.7,0.00254327,0.189829,0.813601,22.4429,0.00254185, ,
43501,20.91,22.45,20.91,22.45,0.189831,0.813463,-7.58181,11368,0.00112316,0.192055,0.792105,21.0018,0.00112695, ,
43500,21.01,21.01,20.38,21.01,0.192077,0.791962,2.23524,11176.6,-0.00033048,0.19097,0.793335,20.9973,-0.000330503, ,
43497,21.1,21.25,20.79,21.02,0.190991,0.792942,-7.97684,11180.7,0.00118551,0.192741,0.790665,21.0317,0.00118539, ,
43496,21.49,22.04,20.2,21.04,0.192762,0.790524,-35.2833,11173.1,0.00532416,0.201062,0.784723,21.4514,0.00532279, ,
43495,21.36,21.51,21.06,21.46,0.201082,0.78459,26.4948,11181.7,-0.00392324,0.194524,0.793652,21.4819,-0.0039231, ,
43494,21.43,21.67,21.22,21.49,0.194542,0.793514,-27.708,11218.8,0.00416319,0.201049,0.787396,21.6915,0.00416243, ,
43493,21.79,21.79,21.34,21.7,0.201067,0.787264,43.4172,11210.3,-0.00631232,0.190054,0.803651,21.8183,-0.00631233, ,
43490,21.47,22.31,21.47,21.84,0.190065,0.803256,-32.3868,11281.8,0.0049122,0.198123,0.780998,20.9712,0.00491418, ,
43489,20.29,20.98,20.29,20.98,0.198149,0.780863,20.3526,11130.2,-0.00309004,0.193143,0.778579,20.3112,-0.00308807, ,
43488,20.14,20.87,20.14,20.32,0.193175,0.778439,31.6105,11071.5,-0.00471073,0.185453,0.786911,20.1417,-0.00471, ,
43487,20.47,20.91,19.97,20.15,0.185483,0.786765,-50.9718,11090.1,0.00771933,0.197415,0.781832,21.0113,0.00771664, ,
43486,21.27,21.27,20.91,21.02,0.19744,0.781697,-19.5511,11136.2,0.00295195,0.201531,0.785607,21.7361,0.00294639, ,
43483,19.88,21.76,19.88,21.76,0.201549,0.785247,9.1432,11205.5,-0.00145075,0.200203,0.75594,19.49,-0.00144449, ,
43482,18.95,19.5,18.83,19.5,0.200249,0.75581,10.5773,10918.6,-0.00166661,0.197636,0.759025,19.4802,-0.00166649, ,
43481,19.5,19.53,19.11,19.49,0.197681,0.758892,-22.6292,10931.2,0.00362746,0.202584,0.751181,19.4097,0.00362746, ,
43480,19.85,19.85,18.88,19.42,0.202633,0.751054,-15.7261,10891.8,0.00255487,0.205921,0.745,19.2993,0.00255503, ,
43479,18.86,19.31,18.8,19.31,0.205974,0.744877,14.6776,10855.9,-0.00235563,0.202142,0.750798,19.3736,-0.00235593, ,
43476,19.78,19.78,19.11,19.4,0.202192,0.750485,-21.3615,10887.5,0.00343576,0.206719,0.75133,19.8597,0.00343436, ,
43475,18.86,19.87,18.86,19.87,0.206766,0.751209,31.7212,10921.6,-0.00506278,0.199466,0.752843,19.3299,-0.00506108, ,
43474,19.54,19.78,19.17,19.34,0.199516,0.752715,-34.9203,10893.3,0.00575405,0.207128,0.737977,19.019,0.00575458, ,
43473,18.3,19.37,18.3,19.03,0.207187,0.73786,24.7355,10804,-0.00408271,0.201571,0.734745,18.359,-0.00408071, ,
43472,19,19,17.92,18.37,0.201636,0.734624,-31.4261,10747.8,0.00522869,0.207852,0.733329,18.802,0.00522523, ,
43469,16.96,18.83,16.82,18.83,0.207914,0.733056,8.23677,10767.7,-0.00147827,0.207459,0.691662,16.3067,-0.00147243, ,
43468,16.76,16.92,16.25,16.32,0.207558,0.691574,-8.81314,10416.7,0.00153002,0.209467,0.710592,17.5576,0.00152688, ,
43467,16.88,17.71,16.35,17.57,0.209548,0.710491,-3.02685,10580.2,0.00052838,0.209207,0.708134,17.4033,0.000529316, ,
43462,16.52,17.55,16.52,17.45,0.209291,0.707791,-32.3528,10559,0.00594327,0.216167,0.683945,16.5461,0.00594484, ,
43461,17.64,17.64,15.78,16.56,0.21627,0.683871,148.052,10381.5,-0.0244108,0.185375,0.730002,16.8718,-0.0244102, ,
43455,17.38,17.69,16.92,16.92,0.185451,0.729466,-43.3814,10633.8,0.00731377,0.194494,0.721104,17.1785,0.00731268, ,
43454,17.71,17.93,16.88,17.19,0.194572,0.720988,61.1013,10611.1,-0.00972241,0.181627,0.748647,17.73,-0.00972353, ,
43453,18.71,19.07,17.56,17.74,0.181689,0.748507,-107.495,10766.2,0.0179681,0.204748,0.730547,18.6188,0.017965, ,
43452,18.14,19.13,18.14,18.63,0.204813,0.730435,85.3472,10740.9,-0.0136961,0.18625,0.745802,17.9998,-0.0136936, ,
43451,19.24,19.26,18.01,18.01,0.186312,0.745668,-38.7553,10772.2,0.00620362,0.194286,0.75103,19.0748,0.00619575, ,
43448,18.88,19.45,18.34,19.1,0.194338,0.750724,-0.373985,10865.8,5.92E-05,0.19425,0.757387,19.5404,5.80E-05, ,
43447,20.04,20.04,19.49,19.55,0.194296,0.757261,-21.4313,10924.7,0.00341972,0.198783,0.754686,19.7902,0.00341891, ,
43446,19.17,19.92,18.97,19.8,0.198828,0.754565,-18.5191,10929.4,0.00306646,0.202899,0.735535,18.8791,0.00306863, ,
43445,18.15,19.23,17.93,18.89,0.202959,0.735422, ,,,,,,,,
9800,,,,,,,,,,,,,,,
43535,21.24,21.9,20.99,21.9,0.201506,0.790099,18.7702,11543.5,-0.00272401,0.196394,0.785433,21.0147,-0.00271703, ,
43532,20.64,21.09,20.55,21.04,0.196422,0.785021,31.8425,11457.8,-0.0045038,0.188512,0.798065,21.1916,-0.00450398, ,
43531,21.41,21.85,21.04,21.2,0.188534,0.797908,-2.82536,11517.8,0.000395563,0.189094,0.804602,21.7819,0.000393952, ,
43530,21.95,22.09,21.73,21.79,0.18911,0.804448,-11.3384,11587.6,0.00158793,0.191765,0.805382,22.1619,0.00158684, ,
43529,21.83,22.2,21.75,22.17,0.191778,0.805231,17.3555,11620.7,-0.00242004,0.187194,0.806579,21.762,-0.00241882, ,
43528,22.37,22.37,21.56,21.77,0.187209,0.806423,-39.7966,11592.7,0.00565171,0.196541,0.799052,22.216,0.0056473, ,
43525,21.92,22.49,21.92,22.24,0.196555,0.798636,20.662,11601.7,-0.00294693,0.191322,0.79441,21.3414,-0.00294432, ,
43524,20.7,21.48,20.7,21.35,0.191345,0.794257,-6.36473,11515.6,0.000914992,0.192694,0.790157,21.1812,0.00091538, ,
43523,21.22,21.27,20.87,21.19,0.19272,0.790006,9.63745,11487.3,-0.00136654,0.190212,0.797711,21.5116,-0.00136735, ,
43522,20.73,21.53,20.73,21.52,0.190232,0.797558,26.6839,11540.8,-0.00375513,0.183425,0.800043,20.9618,-0.00375337, ,
43521,21.25,21.33,20.97,20.97,0.183448,0.799885,-15.7385,11505.4,0.00225096,0.186787,0.791757,20.7264,0.00225227, ,
43518,20.62,21.04,20.62,20.75,0.186815,0.791338,8.82391,11457.7,-0.00126413,0.184475,0.789706,20.3813,-0.00126302, ,
43517,20.98,20.98,20.39,20.39,0.184507,0.789547,-43.5897,11423.3,0.00640075,0.194699,0.778618,20.6506,0.00639962, ,
43516,20.05,20.68,19.88,20.66,0.194732,0.77847,10.5486,11402,-0.00156802,0.192133,0.770435,19.8302,-0.00156554, ,
43515,19.51,19.85,19.28,19.84,0.192175,0.770285,7.28709,11309.2,-0.00108158,0.19026,0.770687,19.6803,-0.00108108, ,
43514,19.59,19.69,19.37,19.69,0.190303,0.770534,2.46243,11299.2,-0.00036498,0.189146,0.771531,19.6448,-0.000364777, ,
43511,17.58,19.67,17.58,19.67,0.18919,0.771143,-6.4985,11299.8,0.00100798,0.191044,0.745342,18.159,0.00101247, ,
43510,18.77,18.85,18.04,18.17,0.191108,0.745196,-1.61287,11089.8,0.000246472,0.191309,0.754215,18.7595,0.000244664, ,
43509,18.49,18.83,18.28,18.77,0.191365,0.754067,16.0674,11167.2,-0.00245843,0.187525,0.752046,18.2894,-0.00245685, ,
43508,18.12,18.36,18.12,18.3,0.187586,0.751895,23.281,11126.1,-0.0036105,0.182269,0.742092,17.2291,-0.0036069, ,
43507,16.9,17.48,16.9,17.24,0.18234,0.741939,-44.7978,11014.6,0.00724933,0.191754,0.721923,16.8814,0.00725073, ,
43504,17.21,17.47,16.34,16.91,0.191836,0.721622,18.1004,10906.8,-0.00283643,0.187867,0.738612,17.5688,-0.00283833, ,
43503,19.16,19.19,17.51,17.58,0.187938,0.738467,37.1079,11022,-0.00539645,0.180736,0.780164,19.561,-0.00540202, ,
43502,19.74,19.74,19.51,19.57,0.180777,0.780006,-17.1986,11324.7,0.00250187,0.184607,0.781496,20.071,0.00250027, ,
43501,18.6,20.08,18.6,20.08,0.184644,0.781343,-7.04048,11368,0.00106683,0.186551,0.757936,18.6898,0.00107092, ,
43500,18.72,18.72,18.1,18.7,0.186606,0.757785,2.09577,11176.6,-0.00031697,0.185561,0.759079,18.6845,-0.000316999, ,
43497,18.8,18.95,18.5,18.71,0.185616,0.758712,-10.7159,11180.7,0.00163081,0.18779,0.756151,18.7497,0.00163057, ,
43496,19.19,19.71,17.94,18.76,0.187846,0.756004,-33.5659,11173.1,0.00517342,0.195063,0.751739,19.1494,0.005172, ,
43495,19.06,19.2,18.78,19.16,0.195118,0.7516,24.2401,11181.7,-0.00367073,0.189535,0.759905,19.1899,-0.00367065, ,
43494,19.14,19.38,18.94,19.2,0.189586,0.759759,-26.4287,11218.8,0.00405456,0.195244,0.754645,19.3896,0.00405378, ,
43493,19.54,19.54,18.96,19.4,0.195296,0.754507,42.0197,11210.3,-0.0062429,0.185435,0.770093,19.5054,-0.00624296, ,
43490,19.18,19.98,19.18,19.53,0.18548,0.769719,-30.2489,11281.8,0.00469416,0.192364,0.747112,18.6893,0.00469629, ,
43489,18.06,18.7,18.06,18.7,0.192424,0.746973,17.4481,11130.2,-0.00272037,0.188407,0.742845,18.0791,-0.00271842, ,
43488,17.92,18.61,17.92,18.09,0.188473,0.742704,28.9206,11071.5,-0.00443613,0.181924,0.749765,17.9296,-0.00443543, ,
43487,18.23,18.65,17.74,17.94,0.181988,0.749615,-46.5399,11090.1,0.00721414,0.191951,0.747809,18.7393,0.00721143, ,
43486,18.98,18.98,18.65,18.75,0.19201,0.747671,-17.7946,11136.2,0.00274118,0.19536,0.753226,19.4234,0.00273606, ,
43483,17.67,19.45,17.67,19.45,0.195413,0.752893,7.50928,11205.5,-0.00122562,0.194585,0.719804,17.2979,-0.00121959, ,
43482,16.8,17.31,16.69,17.31,0.194666,0.719681,8.1148,10918.6,-0.00131669,0.192708,0.722371,17.3081,-0.00131665, ,
43481,17.36,17.36,16.97,17.32,0.192788,0.722245,-23.1943,10931.2,0.00382925,0.197427,0.714795,17.2576,0.00382921, ,
43480,17.69,17.69,16.76,17.27,0.197511,0.714678,-16.4232,10891.8,0.00274906,0.200685,0.708674,17.1673,0.00274917, ,
43479,16.75,17.18,16.69,17.18,0.200773,0.708564,13.5232,10855.9,-0.00223691,0.197373,0.714152,17.2408,-0.00223721, ,
43476,17.61,17.61,16.98,17.27,0.197457,0.713895,-18.5635,10887.5,0.00306851,0.201066,0.716098,17.6876,0.00306724, ,
43475,16.73,17.7,16.73,17.7,0.201147,0.715985,30.7582,10921.6,-0.00505811,0.194492,0.71615,17.1778,-0.00505648, ,
43474,17.36,17.61,17.06,17.19,0.194576,0.716031,-32.6813,10893.3,0.00554753,0.201189,0.70171,16.8769,0.00554805, ,
43473,16.19,17.2,16.19,16.89,0.201282,0.701607,23.8567,10804,-0.00406854,0.196155,0.696963,16.2468,-0.00406677, ,
43472,16.86,16.86,15.83,16.26,0.196254,0.696859,-30.15,10747.8,0.00517035,0.201784,0.696862,16.6694,0.00516762, ,
43469,14.95,16.7,14.82,16.7,0.201881,0.696652,6.3564,10767.7,-0.00118813,0.201917,0.651402,14.3346,-0.00118459, ,
43468,14.77,14.92,14.28,14.35,0.20205,0.65135,-8.06027,10416.7,0.0014497,0.203703,0.672363,15.5155,0.00144732, ,
43467,14.89,15.67,14.38,15.53,0.203819,0.672289,-4.21174,10580.2,0.000762282,0.203674,0.669609,15.3803,0.00076278, ,
43462,14.57,15.52,14.57,15.43,0.203792,0.6694,-32.4425,10559,0.00619803,0.210322,0.644964,14.594,0.00619881, ,
43461,15.6,15.62,13.87,14.61,0.210459,0.644928,142.435,10381.5,-0.0244837,0.182195,0.687761,14.8679,-0.0244831, ,
43455,15.36,15.66,14.92,14.92,0.182305,0.687388,-42.4624,10633.8,0.00744649,0.190551,0.680638,15.1762,0.00744558, ,
43454,15.67,15.88,14.88,15.19,0.190664,0.680547,57.6547,10611.1,-0.00954526,0.179206,0.70707,15.6977,-0.00954634, ,
43453,16.61,16.95,15.53,15.71,0.179303,0.706946,-99.5608,10766.2,0.0171767,0.199192,0.693637,16.5166,0.0171741, ,
43452,16.07,17.02,16.07,16.53,0.199291,0.693543,78.0818,10740.9,-0.0130134,0.183328,0.705368,15.9576,-0.0130113, ,
43451,17.11,17.12,15.97,15.97,0.183424,0.70525,-33.2409,10772.2,0.00548944,0.189699,0.713723,16.9421,0.00548307, ,
43448,16.76,17.3,16.24,16.97,0.189786,0.713471,1.48345,10865.8,-0.000241696,0.189286,0.721026,17.3682,-0.000242798, ,
43447,17.85,17.85,17.32,17.38,0.189366,0.720905,-19.5988,10924.7,0.0032133,0.19313,0.7193,17.5981,0.00321254, ,
43446,17.02,17.74,16.83,17.61,0.19321,0.719184,-23.0379,10929.4,0.00393712,0.19791,0.698715,16.787,0.0039389, ,
43445,16.05,17.06,15.84,16.8,0.198005,0.698617, ,,,,,,,,
10700,,,,,,,,,,,,,,,
43535,14.53,15.14,14.38,15.14,0.182437,0.683123,15.3952,11543.5,-0.00245697,0.178857,0.672857,14.377,-0.00245293, ,
43532,14.09,14.43,13.99,14.41,0.178982,0.672634,29.0145,11457.8,-0.0045155,0.173073,0.684162,14.5154,-0.00451566, ,
43531,14.78,15.05,14.38,14.53,0.173191,0.684032,-1.55314,11517.8,0.000237618,0.173285,0.693922,15.0158,0.000236068, ,
43530,15.2,15.25,15,15.03,0.173397,0.693782,-13.9293,11587.6,0.0021243,0.17589,0.696921,15.3859,0.00212308, ,
43529,15.05,15.4,15.04,15.4,0.175999,0.696782,15.4922,11620.7,-0.00236572,0.172654,0.694859,15.0359,-0.00236452, ,
43528,15.6,15.6,14.83,15.05,0.172765,0.694718,-34.7574,11592.7,0.00536067,0.179001,0.692391,15.4281,0.00535771, ,
43525,15.21,15.71,15.21,15.46,0.179112,0.692122,16.3307,11601.7,-0.00255915,0.175711,0.682007,14.6953,-0.00255692, ,
43524,14.03,14.8,14.03,14.71,0.17583,0.681883,-9.16603,11515.6,0.00145121,0.177337,0.677133,14.595,0.00145143, ,
43523,14.57,14.67,14.29,14.61,0.177459,0.677017,12.6632,11487.3,-0.00196946,0.174753,0.685936,14.8355,-0.00197007, ,
43522,14.2,14.93,14.2,14.85,0.17487,0.685808,16.8374,11540.8,-0.00262712,0.171309,0.682683,14.4254,-0.00262581, ,
43521,14.64,14.71,14.44,14.44,0.17143,0.682555,-10.1757,11505.4,0.00161304,0.172825,0.674922,14.1881,0.00161411, ,
43518,14.04,14.42,14.04,14.22,0.17295,0.674691,7.92423,11457.7,-0.00126436,0.171143,0.670535,13.8949,-0.00126347, ,
43517,14.31,14.31,13.91,13.91,0.171271,0.67042,-38.1525,11423.3,0.00619646,0.178316,0.664207,14.1344,0.00619567, ,
43516,13.42,14.19,13.41,14.15,0.178446,0.664109,9.58265,11402,-0.00159153,0.176426,0.651415,13.434,-0.00158998, ,
43515,13.14,13.45,13.06,13.45,0.176565,0.651331,8.48924,11309.2,-0.00141031,0.174648,0.650522,13.284,-0.00140994, ,
43514,13.16,13.3,13.01,13.3,0.174788,0.650437,2.39025,11299.2,-0.000396694,0.173706,0.650913,13.2469,-0.000396593, ,
43511,11.52,13.28,11.52,13.28,0.173846,0.650757,-4.86048,11299.8,0.00085959,0.175082,0.61839,12.0128,0.000860844, ,
43510,12.47,12.6,11.86,12.03,0.175243,0.618355,0.805475,11089.8,-0.000139165,0.174863,0.630375,12.4932,-0.000139878, ,
43509,12.43,12.55,12.09,12.51,0.175016,0.630321,14.3046,11167.2,-0.00249284,0.172038,0.62464,12.0931,-0.00249226, ,
43508,11.99,12.14,11.99,12.11,0.172195,0.624592,18.2852,11126.1,-0.00328585,0.168633,0.607383,11.2326,-0.00328526, ,
43507,11.02,11.46,11.02,11.25,0.168802,0.60736,-38.5525,11014.6,0.0072339,0.175501,0.589436,10.9645,0.00723362, ,
43504,11.38,11.5,10.61,11,0.17568,0.589489,11.0593,10906.8,-0.00199561,0.173496,0.607965,11.5725,-0.00199592, ,
43503,12.84,12.86,11.44,11.59,0.173663,0.607946,34.6518,11022,-0.00567223,0.168254,0.656362,13.2145,-0.00567601, ,
43502,13.34,13.34,13.15,13.23,0.168392,0.656266,-9.36011,11324.7,0.00151828,0.169894,0.662132,13.5947,0.00151728, ,
43501,12.33,13.62,12.33,13.61,0.170028,0.66203,-5.06408,11368,0.000869462,0.171202,0.632577,12.4335,0.000871327, ,
43500,12.52,12.52,11.92,12.45,0.171354,0.632517,-1.41672,11176.6,0.000243008,0.170998,0.633243,12.4567,0.000242891, ,
43497,12.52,12.7,12.35,12.49,0.17115,0.633143,-15.7727,11180.7,0.00272268,0.173774,0.631311,12.5833,0.00272246, ,
43496,12.98,13.44,11.93,12.6,0.173926,0.631256,-29.5959,11173.1,0.00513489,0.179107,0.631323,12.9331,0.00513433, ,
43495,12.86,12.99,12.64,12.95,0.179258,0.631273,21.7068,11181.7,-0.00370529,0.174945,0.637859,12.9535,-0.00370524, ,
43494,12.94,13.13,12.73,12.97,0.175093,0.637796,-23.4141,11218.8,0.00403109,0.17913,0.635487,13.1333,0.00403074, ,
43493,13.28,13.28,12.77,13.15,0.179279,0.635432,34.3087,11210.3,-0.00573539,0.172377,0.647992,13.2373,-0.00573554, ,
43490,13.05,13.66,13.05,13.27,0.172519,0.647852,-26.5903,11281.8,0.00467714,0.177458,0.623943,12.5729,0.00467782, ,
43489,12.13,12.6,12.13,12.59,0.177614,0.623904,7.91847,11130.2,-0.00141466,0.175884,0.615337,12.1326,-0.00141431, ,
43488,12.01,12.52,12,12.15,0.176047,0.61531,39.5033,11071.5,-0.00695145,0.168479,0.619487,11.8531,-0.00695104, ,
43487,12.18,12.51,11.81,11.87,0.16864,0.619448,-48.2022,11090.1,0.00846525,0.177212,0.62486,12.6229,0.00846426, ,
43486,12.8,12.8,12.56,12.64,0.177368,0.62482,-13.0007,11136.2,0.00224559,0.179194,0.634632,13.1759,0.00224417, ,
43483,11.67,13.21,11.67,13.21,0.179343,0.634546,1.22101,11205.5,-0.000229908,0.179916,0.591711,11.4816,-0.00023093, ,
43482,11.11,11.5,11,11.5,0.180094,0.59173,2.49227,10918.6,-0.000467186,0.179308,0.593663,11.5317,-0.000467165, ,
43481,11.78,11.78,11.33,11.55,0.179484,0.593678,-23.1875,10931.2,0.00441934,0.18339,0.587738,11.5313,0.00441938, ,
43480,11.91,11.91,11.17,11.55,0.18357,0.587767,-14.9019,10891.8,0.00287951,0.185955,0.582513,11.4709,0.00287948, ,
43479,11.13,11.49,11.12,11.49,0.186139,0.582553,8.52701,10855.9,-0.00162901,0.183939,0.587153,11.5536,-0.00162881, ,
43476,11.83,11.83,11.28,11.59,0.18412,0.587232,-11.7825,10887.5,0.00223213,0.185936,0.592345,11.8913,0.00223238, ,
43475,11.1,11.91,10.96,11.91,0.186114,0.592368,30.3764,10921.6,-0.00577311,0.180277,0.588013,11.4214,-0.00577357, ,
43474,11.59,11.79,11.31,11.44,0.180457,0.58804,-28.3633,10893.3,0.00557189,0.185358,0.574864,11.1907,0.00557157, ,
43473,10.62,11.44,10.62,11.21,0.185547,0.574919,18.2096,10804,-0.00363335,0.181936,0.565887,10.6906,-0.00363469, ,
43472,11.15,11.15,10.32,10.71,0.182131,0.565958,-21.6755,10747.8,0.0043097,0.185399,0.569474,11.003,0.0043116, ,
43469,9.67,11.04,9.54,11.04,0.185592,0.569618,-5.34826,10767.7,0.00120093,0.187879,0.516435,9.25888,0.00118706, ,
43468,9.49,9.78,9.18,9.28,0.188108,0.516617,0.617822,10416.7,-0.000130965,0.188,0.541779,10.1396,-0.000126647, ,
43467,9.67,10.31,9.25,10.16,0.188212,0.541905,-3.44196,10580.2,0.000735045,0.187833,0.538548,10.0245,0.000733917, ,
43462,9.54,10.22,9.54,10.08,0.188047,0.53894,-44.4752,10559,0.0101295,0.196149,0.515308,9.58837,0.0101264, ,
43461,10.27,10.45,8.85,9.61,0.196382,0.515498,117.097,10381.5,-0.0242026,0.174734,0.546953,9.7594,-0.024203, ,
43455,10.06,10.43,9.74,9.82,0.174941,0.547328,-18.3734,10633.8,0.00383526,0.177892,0.544472,9.86008,0.00383569, ,
43454,10.37,10.56,9.66,9.88,0.178101,0.544586,44.0943,10611.1,-0.0086755,0.170192,0.567886,10.3012,-0.00867477, ,
43453,10.98,11.38,10.32,10.32,0.170385,0.567946,-90.342,10766.2,0.018156,0.186182,0.566347,11.0604,0.0181586, ,
43452,10.66,11.38,10.66,11.08,0.186377,0.566422,73.8254,10740.9,-0.0145304,0.172865,0.569252,10.5011,-0.0145319, ,
43451,11.51,11.51,10.52,10.52,0.173058,0.569312,-24.3251,10772.2,0.00466163,0.176888,0.584242,11.2747,0.00466394, ,
43448,11.29,11.66,10.75,11.31,0.177071,0.584325,-8.03698,10865.8,0.00151426,0.17822,0.593271,11.7217,0.00151453, ,
43447,11.94,12.07,11.55,11.74,0.178398,0.59329,-4.19067,10924.7,0.000789019,0.178816,0.593997,11.7917,0.000789064, ,
43446,11.36,11.92,11.12,11.81,0.178993,0.594015,-34.2391,10929.4,0.0067927,0.185007,0.57232,11.2806,0.00679176, ,
43445,11.3,11.3,11.3,11.3,0.185199,0.572383, ,,,,,,,,
10750,,,,,,,,,,,,,,,
43535,14.19,14.8,14.04,14.8,0.181574,0.676114,16.0141,11543.5,-0.0025758,0.177899,0.665611,14.0366,-0.00257204, ,
43532,13.75,14.1,13.66,14.07,0.178029,0.665408,28.5738,11457.8,-0.00448225,0.172252,0.676806,14.1751,-0.00448241, ,
43531,14.44,14.7,14.04,14.19,0.172376,0.676682,-2.05911,11517.8,0.000317454,0.172561,0.68667,14.6755,0.000315942, ,
43530,14.86,14.9,14.66,14.69,0.172678,0.686536,-13.1609,11587.6,0.00202139,0.174989,0.689921,15.0355,0.00202023, ,
43529,14.71,15.05,14.7,15.05,0.175103,0.689788,15.6928,11620.7,-0.00241396,0.171746,0.687713,14.6856,-0.00241279, ,
43528,15.25,15.25,14.49,14.7,0.171863,0.687578,-35.8205,11592.7,0.00556509,0.178237,0.685382,15.0877,0.00556219, ,
43525,14.87,15.36,14.87,15.12,0.178353,0.685129,15.9594,11601.7,-0.00252116,0.175052,0.674693,14.3649,-0.00251905, ,
43524,13.7,14.46,13.7,14.38,0.175176,0.674577,-8.96012,11515.6,0.00143006,0.176623,0.669852,14.2646,0.00143026, ,
43523,14.23,14.35,13.97,14.28,0.17675,0.669744,13.2781,11487.3,-0.002081,0.173944,0.678725,14.4951,-0.00208156, ,
43522,13.87,14.59,13.87,14.51,0.174065,0.678604,17.0983,11540.8,-0.00268917,0.170482,0.675302,14.0851,-0.0026879, ,
43521,14.3,14.37,14.1,14.1,0.170607,0.675181,-9.8244,11505.4,0.00156989,0.171914,0.667537,13.8477,0.00157089, ,
43518,13.71,14.09,13.71,13.88,0.172044,0.667326,8.18147,11457.7,-0.00131619,0.170198,0.663053,13.5546,-0.00131535, ,
43517,13.98,13.98,13.57,13.57,0.170331,0.662947,-38.9968,11423.3,0.00638575,0.17747,0.656894,13.8041,0.00638499, ,
43516,13.1,13.86,13.09,13.82,0.177605,0.656803,9.28395,11402,-0.00155574,0.175653,0.643845,13.1136,-0.00155436, ,
43515,12.82,13.13,12.75,13.13,0.175797,0.643771,8.56579,11309.2,-0.00143598,0.173874,0.642874,12.9637,-0.00143565, ,
43514,12.84,12.98,12.69,12.98,0.174019,0.642799,2.38556,11299.2,-0.000399531,0.172939,0.643234,12.9265,-0.000399443, ,
43511,11.22,12.96,11.22,12.96,0.173084,0.6431,-4.19287,11299.8,0.00074908,0.174186,0.610437,11.7024,0.000749905, ,
43510,12.16,12.29,11.56,11.72,0.174352,0.610414,0.199354,11089.8,-3.48E-05,0.174082,0.622534,12.1829,-3.54E-05, ,
43509,12.12,12.24,11.78,12.2,0.17424,0.622491,14.6337,11167.2,-0.00257625,0.171215,0.616626,11.7828,-0.00257581, ,
43508,11.69,11.83,11.69,11.8,0.171377,0.61659,17.2172,11126.1,-0.00312941,0.168032,0.599009,10.9423,-0.0031292, ,
43507,10.73,11.16,10.73,10.96,0.168206,0.599001,-37.6707,11014.6,0.00714921,0.1747,0.581228,10.6742,0.00714875, ,
43504,11.09,11.2,10.32,10.71,0.174884,0.581309,11.1276,10906.8,-0.00202959,0.172694,0.599866,11.2721,-0.00202967, ,
43503,12.53,12.55,11.15,11.29,0.172866,0.599862,34.2928,11022,-0.00566563,0.167563,0.648559,12.8941,-0.00566906, ,
43502,13.01,13.01,12.83,12.91,0.167705,0.648472,-9.69155,11324.7,0.00158622,0.169251,0.654461,13.2743,0.00158529, ,
43501,12.02,13.3,12.02,13.29,0.16939,0.654368,-4.54953,11368,0.000788899,0.170457,0.624652,12.1231,0.000790427, ,
43500,12.21,12.21,11.62,12.14,0.170614,0.624604,-1.44894,11176.6,0.000251001,0.17026,0.625322,12.1464,0.00025091, ,
43497,12.21,12.39,12.04,12.18,0.170417,0.625246,-15.7138,11180.7,0.00273896,0.173006,0.623516,12.273,0.00273879, ,
43496,12.67,13.12,11.63,12.29,0.173163,0.623473,-29.6606,11173.1,0.00519428,0.178315,0.623761,12.6228,0.00519383, ,
43495,12.55,12.67,12.35,12.64,0.178472,0.623722,21.4221,11181.7,-0.00369132,0.174233,0.630187,12.6432,-0.00369128, ,
43494,12.63,12.82,12.42,12.66,0.174386,0.630134,-23.3503,11218.8,0.00405718,0.178378,0.627977,12.8229,0.00405689, ,
43493,12.96,12.96,12.46,12.84,0.178532,0.627932,34.765,11210.3,-0.00586444,0.171587,0.640363,12.9169,-0.00586455, ,
43490,12.74,13.34,12.74,12.95,0.171734,0.640245,-27.4262,11281.8,0.0048717,0.176787,0.616253,12.2725,0.00487217, ,
43489,11.83,12.3,11.83,12.29,0.176949,0.616226,9.37555,11130.2,-0.00169169,0.174957,0.607529,11.8223,-0.00169149, ,
43488,11.72,12.22,11.7,11.84,0.175125,0.607514,38.3529,11071.5,-0.00682089,0.167806,0.61137,11.5527,-0.00682061, ,
43487,11.88,12.21,11.52,11.57,0.167971,0.611343,-47.554,11090.1,0.00843141,0.176368,0.617215,12.3126,0.0084307, ,
43486,12.49,12.49,12.26,12.33,0.176529,0.617186,-12.5144,11136.2,0.00218082,0.17825,0.627202,12.8556,0.00217976, ,
43483,11.38,12.89,11.38,12.89,0.178404,0.627137,0.467395,11205.5,-8.90E-05,0.179114,0.583868,11.1912,-9.07E-05, ,
43482,10.83,11.21,10.72,11.21,0.179297,0.5839,1.3935,10918.6,-0.000264065,0.178708,0.585825,11.2513,-0.000264012, ,
43481,11.49,11.49,11.05,11.27,0.17889,0.585853,-22.8837,10931.2,0.00440838,0.182718,0.580024,11.251,0.00440845, ,
43480,11.63,11.63,10.89,11.27,0.182904,0.580067,-15.6286,10891.8,0.00305279,0.185405,0.57488,11.2007,0.00305276, ,
43479,10.86,11.22,10.84,11.22,0.185594,0.574935,10.2849,10855.9,-0.00198554,0.183078,0.579454,11.2633,-0.00198534, ,
43476,11.54,11.54,11,11.3,0.183264,0.579558,-13.0396,10887.5,0.00249593,0.185294,0.5848,11.611,0.00249636, ,
43475,10.78,11.63,10.64,11.63,0.185476,0.584836,34.598,10921.6,-0.00664281,0.178898,0.580162,11.1011,-0.00664359, ,
43474,11.26,11.46,10.95,11.12,0.179083,0.580203,-26.6635,10893.3,0.00529164,0.183653,0.567018,10.8605,0.00529119, ,
43473,10.31,11.12,10.31,10.88,0.183847,0.567087,16.66,10804,-0.00336114,0.180525,0.557855,10.3803,-0.00336274, ,
43472,10.73,10.83,10.01,10.4,0.180725,0.557941,-20.8317,10747.8,0.00418566,0.183827,0.561595,10.6828,0.00418788, ,
43469,9.38,10.72,9.25,10.72,0.184025,0.561766,-5.43804,10767.7,0.00123702,0.186332,0.508126,8.96863,0.00122154, ,
43468,9.2,9.48,8.89,8.99,0.186566,0.508327,0.306701,10416.7,-6.58E-05,0.186515,0.533745,9.8393,-6.08E-05, ,
43467,9.38,10,9.01,9.86,0.186733,0.533887,-11.2823,10580.2,0.00243929,0.187773,0.530989,9.80415,0.00243971, ,
43462,9.25,9.94,9.25,9.86,0.187993,0.531422,-22.8541,10559,0.00526858,0.192166,0.506153,9.16823,0.00526265, ,
43461,9.97,10.05,8.7,9.19,0.192404,0.506362,102.975,10381.5,-0.0215484,0.173368,0.538494,9.45938,-0.0215464, ,
43455,9.76,10.06,9.52,9.52,0.17358,0.538919,-24.1925,10633.8,0.00511449,0.177562,0.536493,9.61978,0.00511537, ,
43454,10.07,10.19,9.44,9.64,0.177777,0.536625,50.7908,10611.1,-0.0101093,0.168683,0.559466,9.98088,-0.0101086, ,
43453,10.71,11.05,9.98,10,0.168881,0.559542,-90.1452,10766.2,0.0183059,0.184584,0.558559,10.7401,0.018309, ,
43452,10.39,11.04,10.39,10.76,0.184785,0.558648,62.5774,10740.9,-0.0124746,0.173312,0.561313,10.2907,-0.0124761, ,
43451,11.23,11.23,10.31,10.31,0.173509,0.561388,-23.048,10772.2,0.00446909,0.177094,0.576488,11.0443,0.00447215, ,
43448,11.01,11.2,10.48,11.08,0.177282,0.576599,2.50825,10865.8,-0.000477106,0.176555,0.585542,11.3813,-0.000476786, ,
43447,11.65,11.69,11.3,11.4,0.176737,0.585573,-9.22684,10924.7,0.00175525,0.178037,0.586342,11.5013,0.00175539, ,
43446,11.08,11.61,10.87,11.52,0.178219,0.586373,-6.98759,10929.4,0.00139613,0.179404,0.563903,10.7305,0.00139411, ,
43445,10.26,11.02,10.14,10.75,0.179601,0.563979, ,,,,,,,,
10800,,,,,,,,,,,,,,,
43535,13.85,14.46,13.71,14.46,0.180649,0.669039,15.6461,11543.5,-0.00253764,0.177072,0.658212,13.7062,-0.00253424, ,
43532,13.42,13.77,13.34,13.74,0.177206,0.658028,28.1234,11457.8,-0.00444895,0.17156,0.669285,13.8447,-0.0044491, ,
43531,14.1,14.36,13.71,13.86,0.171689,0.66917,-0.562314,11517.8,8.73E-05,0.171577,0.679458,14.3251,8.59E-05, ,
43530,14.51,14.57,14.32,14.34,0.1717,0.679331,-14.3982,11587.6,0.0022283,0.174222,0.682746,14.6952,0.00222714, ,
43529,14.37,14.71,14.36,14.71,0.174341,0.682619,15.8983,11620.7,-0.00246486,0.17097,0.680386,14.3452,-0.00246373, ,
43528,14.91,14.91,14.15,14.36,0.171092,0.680258,-35.8841,11592.7,0.00561671,0.17741,0.678311,14.7473,0.00561397, ,
43525,14.53,15.02,14.53,14.78,0.177531,0.678075,16.5855,11601.7,-0.00264084,0.174135,0.667408,14.0246,-0.00263883, ,
43524,13.38,14.13,13.38,14.04,0.174264,0.667299,-8.75475,11515.6,0.00140837,0.175652,0.66259,13.9243,0.00140857, ,
43523,13.9,14.02,13.64,13.94,0.175784,0.662489,11.8845,11487.3,-0.00187788,0.173262,0.671356,14.1648,-0.00187846, ,
43522,13.54,14.26,13.54,14.18,0.173389,0.671242,17.3651,11540.8,-0.0027544,0.169781,0.667758,13.7547,-0.00275319, ,
43521,13.97,14.04,13.77,13.77,0.169911,0.667644,-10.4618,11505.4,0.0016866,0.17132,0.659913,13.5272,0.00168747, ,
43518,13.39,13.75,13.39,13.56,0.171455,0.659722,7.44948,11457.7,-0.00120971,0.169758,0.655256,13.2442,-0.00120895, ,
43517,13.65,13.65,13.26,13.26,0.169896,0.655159,-37.8383,11423.3,0.0062501,0.176749,0.649445,13.4837,0.00624943, ,
43516,12.78,13.53,12.77,13.5,0.176889,0.649364,9.99152,11402,-0.00168968,0.174815,0.636207,12.7933,-0.00168846, ,
43515,12.51,12.81,12.43,12.81,0.174964,0.636143,8.64294,11309.2,-0.00146242,0.173034,0.635156,12.6433,-0.00146213, ,
43514,12.53,12.66,12.38,12.66,0.173184,0.635092,2.38093,11299.2,-0.000402483,0.172105,0.635485,12.6062,-0.000402408, ,
43511,10.92,12.64,10.92,12.64,0.172256,0.635374,-4.50441,11299.8,0.000813334,0.173408,0.602384,11.4021,0.00081368, ,
43510,11.85,11.98,11.26,11.42,0.173579,0.602374,0.587545,11089.8,-0.000103545,0.173234,0.614621,11.8725,-0.000103958, ,
43509,11.81,11.93,11.48,11.89,0.173397,0.614591,13.9672,11167.2,-0.00248524,0.170508,0.608507,11.4824,-0.00248497, ,
43508,11.39,11.53,11.39,11.5,0.170676,0.608485,17.1561,11126.1,-0.00315486,0.167358,0.590573,10.652,-0.00315505, ,
43507,10.45,10.87,10.45,10.67,0.167536,0.59058,-37.7823,11014.6,0.0072556,0.174014,0.572958,10.3939,0.00725499, ,
43504,10.8,10.91,10.05,10.43,0.174203,0.573069,12.1872,10906.8,-0.00224742,0.171823,0.591691,10.9719,-0.00224727, ,
43503,12.21,12.23,10.85,10.99,0.172001,0.591701,33.9138,11022,-0.00565629,0.166803,0.64069,12.5738,-0.00565934, ,
43502,12.69,12.69,12.52,12.59,0.166951,0.640613,-9.02269,11324.7,0.00148992,0.168355,0.646797,12.944,0.00148909, ,
43501,11.72,12.97,11.72,12.96,0.168499,0.646713,-5.02144,11368,0.00087961,0.169645,0.616657,11.8128,0.000880757, ,
43500,11.91,11.91,11.33,11.83,0.169807,0.616621,-2.48161,11176.6,0.000434363,0.169638,0.617296,11.846,0.000434284, ,
43497,11.91,12.09,11.74,11.88,0.1698,0.617245,-15.6542,11180.7,0.00275648,0.172355,0.61562,11.9726,0.00275635, ,
43496,12.36,12.81,11.32,11.99,0.172517,0.615589,-28.7258,11173.1,0.00507877,0.177461,0.616131,12.3124,0.00507846, ,
43495,12.25,12.37,12.05,12.33,0.177622,0.616103,21.1349,11181.7,-0.0036771,0.173456,0.62245,12.3328,-0.00367707, ,
43494,12.33,12.51,12.12,12.35,0.173614,0.622409,-23.2858,11218.8,0.00408414,0.177562,0.620402,12.5126,0.00408392, ,
43493,12.61,12.61,12.29,12.53,0.177721,0.620368,34.2127,11210.3,-0.00582647,0.170917,0.632615,12.6065,-0.00582656, ,
43490,12.43,13.02,12.43,12.64,0.171069,0.632519,-27.253,11281.8,0.00488968,0.176051,0.608503,11.9722,0.00488994, ,
43489,11.54,12,11.53,11.99,0.176218,0.608488,8.83885,11130.2,-0.00161186,0.174329,0.599614,11.5319,-0.00161185, ,
43488,11.43,11.92,11.4,11.55,0.174502,0.599613,38.2008,11071.5,-0.00686938,0.167245,0.603165,11.2624,-0.00686925, ,
43487,11.59,11.91,11.23,11.28,0.167416,0.603152,-46.9102,11090.1,0.00840076,0.175642,0.609474,12.0122,0.00840035, ,
43486,12.19,12.19,11.96,12.03,0.175809,0.609457,-12.0356,11136.2,0.002117,0.177427,0.619664,12.5452,0.00211631, ,
43483,11.1,12.58,11.1,12.58,0.177586,0.619621,-0.270486,11205.5,5.21E-05,0.17843,0.575969,10.9109,4.94E-05, ,
43482,10.55,10.93,10.45,10.93,0.178618,0.576016,2.29402,10918.6,-0.000439481,0.177862,0.577918,10.961,-0.000439416, ,
43481,11.21,11.21,10.77,10.98,0.178049,0.577962,-24.5786,10931.2,0.0047877,0.182162,0.572272,10.9806,0.00478784, ,
43480,11.35,11.35,10.62,11,0.182353,0.57233,-14.3525,10891.8,0.00283427,0.184609,0.567173,10.9204,0.0028342, ,
43479,10.59,10.94,10.58,10.94,0.184803,0.567242,12.0398,10855.9,-0.00234908,0.181974,0.571659,10.9631,-0.00234892, ,
43476,11.26,11.26,10.76,11,0.182165,0.57179,-7.30319,10887.5,0.00141097,0.18315,0.577065,11.2507,0.00141144, ,
43475,10.55,11.27,10.49,11.27,0.183338,0.577115,16.8151,10921.6,-0.0032697,0.179977,0.572469,10.9207,-0.0032704, ,
43474,11.02,11.18,10.71,10.94,0.180168,0.572525,-21.9853,10893.3,0.0044158,0.183872,0.559411,10.6401,0.00441509, ,
43473,10.08,10.89,10.08,10.66,0.184072,0.559496,18.0977,10804,-0.0036965,0.180495,0.550046,10.15,-0.00369851, ,
43472,10.6,10.6,9.8,10.17,0.1807,0.550148,-18.9847,10747.8,0.00385947,0.183454,0.553866,10.4325,0.00386195, ,
43469,9.17,10.47,9.13,10.47,0.183657,0.554065,-3.64925,10767.7,0.000841363,0.18564,0.500162,8.72843,0.000823984, ,
43468,8.99,9.25,8.72,8.75,0.185879,0.500382,-4.91176,10416.7,0.00106689,0.186783,0.526277,9.63899,0.00107294, ,
43467,9.18,9.81,8.81,9.66,0.187005,0.526436,-10.1241,10580.2,0.00221652,0.187827,0.523494,9.59382,0.00221674, ,
43462,9.05,9.73,9.05,9.65,0.188052,0.523968,-22.5556,10559,0.00526775,0.192161,0.498818,8.968,0.00526123, ,
43461,9.76,9.84,8.52,8.99,0.192405,0.499045,101.962,10381.5,-0.0216253,0.173547,0.530466,9.24899,-0.0216231, ,
43455,9.55,9.85,9.31,9.31,0.173764,0.530941,-25.0167,10633.8,0.00535904,0.177881,0.528744,9.41946,0.00536013, ,
43454,9.86,9.98,9.23,9.44,0.1781,0.528893,50.5313,10611.1,-0.0101924,0.169061,0.551329,9.77053,-0.0101916, ,
43453,10.45,10.83,9.77,9.79,0.169265,0.551422,-83.9506,10766.2,0.0172424,0.183818,0.55086,10.4698,0.0172458, ,
43452,10.13,10.76,10.13,10.49,0.184024,0.550965,61.3244,10740.9,-0.0123753,0.172799,0.553218,10.0304,-0.0123772, ,
43451,10.96,10.96,10.05,10.05,0.173001,0.55331,-22.7786,10772.2,0.00446696,0.176523,0.568653,10.774,0.0044708, ,
43448,10.74,10.93,10.22,10.81,0.176716,0.568791,4.04958,10865.8,-0.000778589,0.175715,0.577744,11.091,-0.00077815, ,
43447,11.36,11.44,11.01,11.11,0.175903,0.577789,-9.26321,10924.7,0.00178089,0.177199,0.578618,11.211,0.0017811, ,
43446,10.8,11.32,10.6,11.23,0.177386,0.578663,-7.82585,10929.4,0.00158166,0.178709,0.556086,10.4602,0.00157924, ,
43445,10,10.74,9.88,10.48,0.178911,0.556177, ,,,,,,,,
10850,,,,,,,,,,,,,,,
43535,13.52,14.12,13.38,14.12,0.179663,0.66189,15.284,11543.5,-0.00250014,0.176179,0.650742,13.3758,-0.00249712, ,
43532,13.1,13.44,13.01,13.41,0.176319,0.65058,27.6692,11457.8,-0.00441498,0.170799,0.661702,13.5143,-0.00441514, ,
43531,13.76,14.03,13.38,13.53,0.170934,0.661595,-1.0845,11517.8,0.000169873,0.170917,0.671972,13.9948,0.000168532, ,
43530,14.17,14.23,13.98,14.01,0.171045,0.671853,-13.6377,11587.6,0.00212708,0.173391,0.675506,14.3548,0.00212599, ,
43529,14.03,14.37,14.02,14.37,0.173515,0.675385,16.1057,11620.7,-0.00251716,0.170129,0.672991,14.0048,-0.00251608, ,
43528,14.57,14.57,13.81,14.02,0.170256,0.672871,-35.9482,11592.7,0.00566988,0.176521,0.671173,14.4069,0.00566731, ,
43525,14.19,14.67,14.19,14.44,0.176647,0.670955,16.225,11601.7,-0.00260526,0.173345,0.659967,13.6942,-0.00260339, ,
43524,13.06,13.8,13.06,13.71,0.173479,0.659867,-8.54507,11515.6,0.00138625,0.174809,0.655175,13.594,0.00138644, ,
43523,13.57,13.69,13.32,13.61,0.174946,0.655083,12.4922,11487.3,-0.00198985,0.172324,0.66401,13.8244,-0.00199037, ,
43522,13.22,13.93,13.22,13.84,0.172457,0.663904,15.6371,11540.8,-0.00250269,0.169203,0.660066,13.4344,-0.00250162, ,
43521,13.64,13.71,13.45,13.45,0.169338,0.659962,-9.1,11505.4,0.00147992,0.170469,0.652305,13.1969,0.00148076, ,
43518,13.07,13.43,13.07,13.23,0.170609,0.652136,6.71662,11457.7,-0.00110083,0.169058,0.647485,12.9239,-0.00110016, ,
43517,13.32,13.32,12.94,12.94,0.169201,0.647398,-37.6785,11423.3,0.00627923,0.175963,0.641935,13.1634,0.00627863, ,
43516,12.47,13.2,12.46,13.18,0.176109,0.641863,9.71009,11402,-0.00165795,0.174097,0.62845,12.4829,-0.00165694, ,
43515,12.19,12.5,12.12,12.5,0.174251,0.628397,8.72119,11309.2,-0.00149014,0.172314,0.627318,12.333,-0.0014899, ,
43514,12.21,12.35,12.07,12.35,0.172469,0.627265,3.37637,11299.2,-0.000576226,0.171206,0.62766,12.2858,-0.000576138, ,
43511,10.63,12.32,10.63,12.32,0.171362,0.627573,-4.80065,11299.8,0.000876314,0.172561,0.594257,11.1018,0.00087615, ,
43510,11.55,11.67,10.96,11.12,0.172737,0.594261,0.969781,11089.8,-0.000172677,0.172319,0.60663,11.5622,-0.000172917, ,
43509,11.5,11.62,11.18,11.58,0.172487,0.606612,13.3034,11167.2,-0.00239309,0.169732,0.60032,11.1821,-0.00239298, ,
43508,11.09,11.23,11.09,11.2,0.169904,0.600311,17.1027,11126.1,-0.00318281,0.166611,0.582066,10.3617,-0.00318344, ,
43507,10.16,10.58,10.16,10.38,0.166795,0.582089,-37.8867,11014.6,0.00736417,0.173256,0.564621,10.1136,0.00736341, ,
43504,10.51,10.62,9.77,10.15,0.173451,0.564762,12.2373,10906.8,-0.00228271,0.171066,0.583434,10.6815,-0.00228229, ,
43503,11.91,11.93,10.57,10.7,0.171249,0.583459,33.4967,11022,-0.00564266,0.166161,0.632694,12.2634,-0.00564529, ,
43502,12.38,12.38,12.2,12.28,0.166314,0.632628,-8.36001,11324.7,0.00139352,0.167579,0.638991,12.6236,0.0013928, ,
43501,11.42,12.66,11.42,12.64,0.167728,0.638918,-5.47372,11368,0.000969086,0.168948,0.608558,11.5124,0.000969821, ,
43500,11.61,11.61,11.03,11.53,0.169115,0.608535,-2.5145,11176.6,0.000444801,0.168946,0.609209,11.5456,0.000444762, ,
43497,11.61,11.79,11.44,11.58,0.169113,0.609185,-15.5941,11180.7,0.00277462,0.171636,0.607662,11.6723,0.00277454, ,
43496,12.05,12.5,11.03,11.69,0.171804,0.607644,-27.7918,11173.1,0.00496189,0.176542,0.608426,12.0021,0.00496172, ,
43495,11.95,12.06,11.75,12.02,0.176709,0.608411,19.8441,11181.7,-0.00348759,0.172796,0.614615,12.0325,-0.00348758, ,
43494,12.02,12.2,11.82,12.05,0.17296,0.614586,-22.2208,11218.8,0.00393502,0.176683,0.612756,12.2022,0.00393488, ,
43493,12.3,12.3,11.99,12.22,0.176847,0.612734,32.6532,11210.3,-0.00561666,0.170362,0.624763,12.3061,-0.00561676, ,
43490,12.13,12.71,12.13,12.34,0.170519,0.624691,-26.0699,11281.8,0.00472561,0.17525,0.600687,11.6719,0.00472565, ,
43489,11.25,11.7,11.24,11.69,0.175422,0.600684,8.30559,11130.2,-0.00153112,0.173635,0.59164,11.2417,-0.0015313, ,
43488,11.14,11.63,11.12,11.26,0.173813,0.591653,37.0474,11071.5,-0.00673904,0.166794,0.594892,10.982,-0.00673905, ,
43487,11.3,11.61,10.95,11,0.16697,0.594893,-45.2694,11090.1,0.00819021,0.174852,0.601668,11.7119,0.00819012, ,
43486,11.89,11.89,11.66,11.73,0.175023,0.601664,-12.5631,11136.2,0.00223149,0.176722,0.612031,12.2449,0.00223118, ,
43483,10.82,12.28,10.82,12.28,0.176887,0.612013,0.00948267,11205.5,-1.85E-06,0.177678,0.568007,10.6306,-5.34E-06, ,
43482,10.28,10.65,10.18,10.65,0.177872,0.56807,1.19388,10918.6,-0.000231363,0.177311,0.569978,10.6907,-0.000231249, ,
43481,10.94,10.94,10.5,10.71,0.177503,0.570036,-23.2703,10931.2,0.00458384,0.18136,0.564443,10.7003,0.00458399, ,
43480,11.07,11.07,10.35,10.72,0.181555,0.564515,-16.0766,10891.8,0.00321119,0.184109,0.559466,10.66,0.00321118, ,
43479,10.33,10.68,10.31,10.68,0.184308,0.559551,13.7937,10855.9,-0.00272151,0.181167,0.563829,10.6828,-0.00272145, ,
43476,10.98,10.98,10.49,10.72,0.181364,0.563987,-7.56596,10887.5,0.00147776,0.182387,0.569349,10.9704,0.00147838, ,
43475,10.28,10.99,10.22,10.99,0.18258,0.569413,17.0373,10921.6,-0.0033505,0.179186,0.564588,10.6404,-0.0033514, ,
43474,10.75,10.9,10.44,10.66,0.179382,0.56466,-21.2859,10893.3,0.00432446,0.182943,0.551566,10.3598,0.00432359, ,
43473,9.82,10.62,9.82,10.38,0.183148,0.551667,17.5472,10804,-0.0036278,0.179675,0.542026,9.87972,-0.00363015, ,
43472,10.33,10.33,9.54,9.9,0.179885,0.542146,-20.1395,10747.8,0.00414289,0.182836,0.546056,10.1722,0.00414591, ,
43469,8.93,10.21,8.89,10.21,0.183045,0.546283,-2.83908,10767.7,0.00066366,0.184879,0.492137,8.48818,0.000644382, ,
43468,8.76,9.01,8.49,8.51,0.185124,0.492377,-5.18943,10416.7,0.00114151,0.186076,0.518446,9.38872,0.00114834, ,
43467,8.94,9.56,8.57,9.41,0.186304,0.518623,-9.95916,10580.2,0.00220797,0.187092,0.515685,9.34368,0.00220821, ,
43462,8.81,9.48,8.81,9.4,0.187322,0.516201,-23.2011,10559,0.00549062,0.19154,0.491166,8.73774,0.00548362, ,
43461,9.51,9.59,8.29,8.76,0.191789,0.491412,100.899,10381.5,-0.0216895,0.173119,0.522239,9.00878,-0.021687, ,
43455,9.3,9.6,9.07,9.07,0.173341,0.522765,-24.8351,10633.8,0.00539043,0.177414,0.520727,9.17917,0.00539168, ,
43454,9.6,9.72,8.99,9.2,0.177639,0.520894,50.2474,10611.1,-0.010268,0.168658,0.543034,9.52022,-0.0102669, ,
43453,10.18,10.56,9.52,9.54,0.168866,0.543145,-82.7557,10766.2,0.0171971,0.183167,0.543148,10.2095,0.0172011, ,
43452,9.87,10.5,9.87,10.23,0.183378,0.543269,61.0699,10740.9,-0.012479,0.172218,0.545073,9.77009,-0.0124813, ,
43451,10.69,10.69,9.79,9.79,0.172426,0.545182,-22.514,10772.2,0.00446623,0.175887,0.560766,10.5037,0.00447089, ,
43448,10.47,10.65,9.96,10.54,0.176086,0.560931,3.58898,10865.8,-0.000697864,0.175164,0.569915,10.8207,-0.000697264, ,
43447,11.08,11.16,10.74,10.84,0.175357,0.569975,-8.29989,10924.7,0.00161331,0.176473,0.570842,10.9307,0.00161357, ,
43446,10.53,11.04,10.33,10.95,0.176665,0.570902,-9.66834,10929.4,0.00197754,0.178302,0.548297,10.2099,0.00197474, ,
43445,9.74,10.48,9.61,10.23,0.178509,0.548405, ,,,,,,,,
10900,,,,,,,,,,,,,,,
43535,13.19,13.78,13.05,13.78,0.178617,0.654663,14.9284,11543.5,-0.00246342,0.175223,0.643195,13.0454,-0.00246079, ,
43532,12.78,13.11,12.68,13.08,0.175369,0.643055,27.2109,11457.8,-0.00438032,0.169972,0.65405,13.184,-0.00438047, ,
43531,13.43,13.69,13.05,13.2,0.170112,0.653952,-0.604715,11517.8,9.55E-05,0.169999,0.664514,13.6544,9.43E-05, ,
43530,13.84,13.88,13.65,13.67,0.170131,0.664403,-13.8795,11587.6,0.00218211,0.172496,0.668195,14.0145,0.00218107, ,
43529,13.7,14.03,13.69,14.03,0.172626,0.668082,15.3178,11620.7,-0.00241459,0.169415,0.665433,13.6745,-0.00241359, ,
43528,14.23,14.23,13.48,13.69,0.169547,0.665321,-36.0139,11592.7,0.00572664,0.17576,0.663881,14.0764,0.00572426, ,
43525,13.86,14.34,13.86,14.11,0.175892,0.663683,16.8704,11601.7,-0.00273231,0.172491,0.652457,13.3639,-0.00273057, ,
43524,12.74,13.47,12.74,13.38,0.17263,0.652365,-9.33154,11515.6,0.00152738,0.174091,0.647622,13.2736,0.00152753, ,
43523,13.25,13.36,13,13.29,0.174233,0.647539,12.0875,11487.3,-0.00194252,0.171702,0.656431,13.504,-0.001943, ,
43522,12.9,13.58,12.9,13.52,0.171839,0.656334,16.9084,11540.8,-0.00273026,0.168367,0.652395,13.104,-0.00272924, ,
43521,13.31,13.38,13.12,13.12,0.168507,0.652299,-9.73152,11505.4,0.00159731,0.16974,0.644556,12.8765,0.00159802, ,
43518,12.75,13.1,12.75,12.91,0.169885,0.644409,6.98604,11457.7,-0.00115587,0.168289,0.639647,12.6035,-0.00115526, ,
43517,13,13,12.62,12.62,0.168438,0.63957,-37.5171,11423.3,0.00630942,0.175113,0.634356,12.843,0.0063089, ,
43516,12.15,12.88,12.15,12.86,0.175264,0.634294,9.4346,11402,-0.00162684,0.173313,0.620627,12.1726,-0.00162605, ,
43515,11.89,12.19,11.81,12.19,0.173472,0.620586,8.8002,11309.2,-0.00151874,0.171526,0.619412,12.0226,-0.00151855, ,
43514,11.9,12.04,11.77,12.04,0.171687,0.619371,3.37152,11299.2,-0.000581202,0.170426,0.619715,11.9755,-0.000581138, ,
43511,10.34,12.01,10.34,12.01,0.170587,0.619652,-4.07987,11299.8,0.000753109,0.171647,0.586048,10.8015,0.000752394, ,
43510,11.24,11.37,10.65,10.82,0.171828,0.586068,0.344351,11089.8,-6.20E-05,0.171521,0.598539,11.2619,-6.20E-05, ,
43509,11.2,11.32,10.89,11.28,0.171694,0.598535,12.6431,11167.2,-0.00230033,0.169069,0.592047,10.8918,-0.0023004, ,
43508,10.79,10.94,10.79,10.91,0.169247,0.592053,17.0569,11126.1,-0.0032139,0.165974,0.573491,10.0813,-0.00321501, ,
43507,9.88,10.3,9.88,10.1,0.166162,0.573531,-36.9832,11014.6,0.00727825,0.172429,0.556209,9.83335,0.00727728, ,
43504,10.23,10.34,9.5,9.87,0.172628,0.556381,12.279,10906.8,-0.00231757,0.170239,0.575102,10.3911,-0.00231689, ,
43503,11.6,11.62,10.29,10.41,0.170427,0.575143,33.0604,11022,-0.00562616,0.16545,0.624633,11.9531,-0.00562834, ,
43502,12.07,12.07,11.9,11.97,0.165608,0.62458,-8.70252,11324.7,0.00146503,0.166921,0.63106,12.3132,0.0014644, ,
43501,11.12,12.34,11.12,12.33,0.167075,0.630998,-4.91302,11368,0.000879335,0.168182,0.60039,11.2121,0.000879635, ,
43500,11.31,11.31,10.73,11.23,0.168355,0.60038,-2.54766,11176.6,0.000455574,0.168187,0.601054,11.2453,0.000455578, ,
43497,11.32,11.49,11.14,11.28,0.168359,0.601056,-15.5336,11180.7,0.00279344,0.17085,0.599636,11.3719,0.00279342, ,
43496,11.75,12.19,10.76,11.39,0.171023,0.599631,-28.8583,11173.1,0.00520639,0.175923,0.600616,11.7118,0.00520637, ,
43495,11.65,11.77,11.45,11.73,0.176095,0.600614,20.551,11181.7,-0.00364931,0.17207,0.606717,11.7321,-0.0036493, ,
43494,11.73,11.9,11.52,11.75,0.172238,0.606701,-23.1549,11218.8,0.00414283,0.176104,0.605,11.9119,0.00414277, ,
43493,12.04,12.04,11.56,11.93,0.176273,0.604991,33.0899,11210.3,-0.00575004,0.169739,0.616857,12.0057,-0.0057501, ,
43490,11.82,12.41,11.82,12.04,0.169901,0.61681,-25.8753,11281.8,0.00474078,0.174565,0.592793,11.3816,0.00474057, ,
43489,10.97,11.4,10.96,11.4,0.174742,0.592805,7.77596,11130.2,-0.00144973,0.173052,0.583606,10.9613,-0.00145012, ,
43488,10.85,11.34,10.85,10.98,0.173235,0.583633,36.893,11071.5,-0.00679015,0.166272,0.586571,10.7017,-0.00679032, ,
43487,11.01,11.32,10.67,10.72,0.166453,0.586587,-44.632,11090.1,0.00816149,0.174177,0.593785,11.4216,0.00816174, ,
43486,11.6,11.6,11.37,11.44,0.174354,0.593794,-12.0949,11136.2,0.00216989,0.175954,0.604337,11.9445,0.00216999, ,
43483,10.54,11.98,10.54,11.98,0.176124,0.604343,0.308925,11205.5,-6.08E-05,0.176861,0.559977,10.3503,-6.53E-05, ,
43482,10.02,10.37,9.91,10.37,0.177059,0.560055,0.0932934,10918.6,-1.83E-05,0.176693,0.561986,10.4204,-1.81E-05, ,
43481,10.66,10.66,10.23,10.44,0.17689,0.56206,-22.9606,10931.2,0.00457557,0.180672,0.556579,10.43,0.00457575, ,
43480,10.8,10.8,10.09,10.45,0.180873,0.556667,-14.7961,10891.8,0.00298937,0.183184,0.551633,10.3798,0.0029893, ,
43479,10.06,10.4,10.05,10.4,0.183388,0.551733,11.5475,10855.9,-0.00230515,0.180655,0.556,10.4225,-0.00230491, ,
43476,10.71,10.71,10.22,10.46,0.180856,0.556187,-6.83004,10887.5,0.00134917,0.181739,0.561598,10.7001,0.00134993, ,
43475,10.01,10.72,9.96,10.72,0.181937,0.561677,17.2607,10921.6,-0.0034343,0.178509,0.556672,10.3701,-0.00343544, ,
43474,10.47,10.63,10.17,10.39,0.17871,0.556759,-21.5881,10893.3,0.00443851,0.18231,0.543741,10.0995,0.00443751, ,
43473,9.56,10.34,9.56,10.12,0.182519,0.543858,17.9975,10804,-0.00376775,0.178969,0.533992,9.61944,-0.00377052, ,
43472,10.06,10.06,9.29,9.64,0.179184,0.534129,-19.2962,10747.8,0.00401733,0.181974,0.538136,9.90199,0.0040207, ,
43469,8.69,9.94,8.65,9.94,0.182188,0.538393,-4.04464,10767.7,0.000958902,0.184235,0.484157,8.25795,0.000937928, ,
43468,8.52,8.77,8.25,8.28,0.184485,0.484416,-4.4771,10416.7,0.000997611,0.185304,0.510554,9.13842,0.00100518, ,
43467,8.7,9.3,8.34,9.16,0.185536,0.510749,-9.79293,10580.2,0.00219924,0.186292,0.507813,9.09354,0.00219949, ,
43462,8.58,9.23,8.58,9.15,0.186527,0.508371,-21.7979,10559,0.00522919,0.190487,0.483239,8.48753,0.00522136, ,
43461,9.26,9.32,8.06,8.51,0.190741,0.483504,97.8255,10381.5,-0.0213193,0.172621,0.513969,8.76862,-0.0213161, ,
43455,9.06,9.35,8.83,8.83,0.172848,0.514547,-23.6505,10633.8,0.00520242,0.176702,0.512584,8.92891,0.00520375, ,
43454,9.36,9.47,8.75,8.95,0.176931,0.51277,48.957,10611.1,-0.010138,0.168184,0.534696,9.26993,-0.0101368, ,
43453,9.93,10.29,9.27,9.29,0.168398,0.534826,-81.5595,10766.2,0.0171526,0.182452,0.535379,9.9492,0.0171572, ,
43452,9.62,10.23,9.62,9.97,0.182668,0.535517,59.8154,10740.9,-0.012381,0.171746,0.536925,9.51979,-0.0123837, ,
43451,10.42,10.42,9.54,9.54,0.171959,0.537053,-21.2549,10772.2,0.00426642,0.175188,0.55282,10.2334,0.00427185, ,
43448,10.21,10.39,9.7,10.27,0.175391,0.553014,2.12733,10865.8,-0.000418501,0.174723,0.562064,10.5604,-0.000417691, ,
43447,10.81,10.85,10.47,10.58,0.174921,0.56214,-7.33684,10924.7,0.00144244,0.17586,0.563031,10.6604,0.00144274, ,
43446,10.26,10.76,10.06,10.68,0.176057,0.563105,-9.49743,10929.4,0.00196621,0.177654,0.540418,9.94956,0.00196294, ,
43445,9.48,10.22,9.36,9.97,0.177866,0.540542, ,,,,,,,,
11100,,,,,,,,,,,,,,,
43535,11.92,12.48,11.79,12.48,0.174946,0.624596,13.5975,11543.5,-0.00233277,0.171873,0.611929,11.784,-0.00233198, ,
43532,11.53,11.85,11.44,11.82,0.172039,0.611888,26.3151,11457.8,-0.00440426,0.16693,0.622389,11.9126,-0.00440434, ,
43531,12.15,12.39,11.79,11.93,0.16709,0.622335,0.229546,11517.8,-3.76E-05,0.166805,0.633459,12.353,-3.84E-05, ,
43530,12.53,12.61,12.35,12.37,0.166957,0.633388,-12.8819,11587.6,0.00209775,0.16904,0.637885,12.6931,0.00209705, ,
43529,12.41,12.71,12.4,12.71,0.16919,0.63781,14.189,11620.7,-0.0023207,0.166265,0.634363,12.3731,-0.00232005, ,
43528,12.93,12.93,12.2,12.39,0.166417,0.634291,-36.2835,11592.7,0.00597544,0.17246,0.633907,12.7749,0.005974, ,
43525,12.56,13.02,12.56,12.81,0.172612,0.633796,16.5397,11601.7,-0.00278252,0.169355,0.621391,12.0925,-0.00278157, ,
43524,11.51,12.19,11.51,12.11,0.169515,0.621343,-9.45569,11515.6,0.00160809,0.170932,0.616639,12.0122,0.00160815, ,
43523,11.99,12.1,11.75,12.03,0.171094,0.6166,12.4352,11487.3,-0.00207464,0.168546,0.62548,12.2227,-0.00207491, ,
43522,11.66,12.31,11.66,12.24,0.168703,0.625424,15.0336,11540.8,-0.0025257,0.165653,0.620563,11.8526,-0.00252516, ,
43521,12.04,12.11,11.87,11.87,0.165813,0.620513,-8.21736,11505.4,0.0014038,0.166708,0.612706,11.625,0.00140405, ,
43518,11.52,11.85,11.52,11.66,0.166873,0.612659,6.09589,11457.7,-0.00105126,0.165458,0.607351,11.3721,-0.00105105, ,
43517,11.76,11.76,11.39,11.39,0.165627,0.607324,-34.8535,11423.3,0.00609735,0.171623,0.603171,11.5917,0.00609724, ,
43516,10.95,11.64,10.94,11.61,0.171794,0.603157,8.40685,11402,-0.00151258,0.170058,0.588531,10.9613,-0.00151282, ,
43515,10.7,10.98,10.62,10.98,0.170238,0.588544,8.12445,11309.2,-0.0014643,0.168433,0.586961,10.8214,-0.00146437, ,
43514,10.71,10.84,10.58,10.84,0.168613,0.586976,3.35203,11299.2,-0.000603575,0.167361,0.587098,10.7742,-0.000603628, ,
43511,9.24,10.81,9.24,10.81,0.167541,0.587146,-4.04582,11299.8,0.000784237,0.168569,0.552488,9.67028,0.000780882, ,
43510,10.08,10.2,9.54,9.69,0.16877,0.552574,0.784024,11089.8,-0.000147853,0.16837,0.56541,10.1007,-0.000147022, ,
43509,10.04,10.15,9.75,10.12,0.168564,0.565469,13.0314,11167.2,-0.00248892,0.165893,0.558235,9.74057,-0.00248986, ,
43508,9.67,9.79,9.67,9.76,0.166091,0.558307,14.9423,11126.1,-0.00296924,0.163236,0.538567,8.99018,-0.00297251, ,
43507,8.82,9.2,8.82,9.01,0.163444,0.538681,-35.309,11014.6,0.00733066,0.169317,0.521996,8.76248,0.0073289, ,
43504,9.14,9.24,8.45,8.8,0.169536,0.522301,10.3798,10906.8,-0.00206182,0.167499,0.541196,9.3,-0.00205978, ,
43503,10.43,10.45,9.19,9.32,0.167706,0.541307,34.0653,11022,-0.00605901,0.16264,0.591558,10.7517,-0.00605893, ,
43502,10.87,10.87,10.7,10.77,0.162818,0.59156,-9.10596,11324.7,0.00159968,0.16415,0.598566,11.1019,0.00159957, ,
43501,9.97,11.13,9.97,11.12,0.164323,0.598556,-4.52785,11368,0.000849608,0.16533,0.566966,10.0608,0.000847781, ,
43500,10.16,10.16,9.62,10.08,0.165523,0.56702,-3.68328,11176.6,0.000690448,0.165538,0.567702,10.104,0.000690713, ,
43497,10.18,10.34,10.01,10.14,0.16573,0.567822,-15.2858,11180.7,0.00287937,0.16811,0.566818,10.2307,0.00287963, ,
43496,10.59,11,9.67,10.25,0.168303,0.566875,-27.1307,11173.1,0.00511599,0.172788,0.568744,10.5505,0.00511668, ,
43495,10.5,10.6,10.31,10.57,0.17298,0.5688,18.3531,11181.7,-0.00340823,0.169393,0.574433,10.5808,-0.00340824, ,
43494,10.57,10.74,10.38,10.6,0.169581,0.574475,-21.8859,11218.8,0.0040898,0.173127,0.573385,10.7506,0.00409013, ,
43493,10.87,10.87,10.42,10.77,0.173317,0.573432,32.7894,11210.3,-0.00595129,0.166937,0.584565,10.8244,-0.00595125, ,
43490,10.67,11.22,10.67,10.86,0.167119,0.584625,-26.0034,11281.8,0.00498785,0.171695,0.560597,10.2503,0.00498651, ,
43489,9.87,10.28,9.86,10.27,0.171892,0.56067,5.68722,11130.2,-0.00111255,0.170579,0.550947,9.87005,-0.00111384, ,
43488,9.76,10.22,9.75,9.89,0.170782,0.55104,36.2665,11071.5,-0.00701738,0.164006,0.55276,9.61043,-0.00701834, ,
43487,9.91,10.2,9.59,9.63,0.164207,0.552844,-42.1111,11090.1,0.00806068,0.171349,0.561635,10.2903,0.00806251, ,
43486,10.46,10.46,10.24,10.31,0.171546,0.561706,-9.27146,11136.2,0.00173615,0.172605,0.572841,10.7633,0.00173802, ,
43483,9.47,10.8,9.47,10.8,0.172794,0.572954,-2.36771,11205.5,0.000490287,0.173999,0.527413,9.2892,0.000481648, ,
43482,9,9.31,8.9,9.31,0.174217,0.527561,-0.315876,10918.6,6.51E-05,0.173907,0.529495,9.35926,6.55E-05, ,
43481,9.62,9.62,9.21,9.38,0.174123,0.529638,-24.7089,10931.2,0.00517409,0.178161,0.52478,9.3989,0.00517464, ,
43480,9.75,9.75,9.08,9.42,0.178382,0.524937,-14.6694,10891.8,0.00311408,0.180631,0.52016,9.35864,0.00311401, ,
43479,9.06,9.38,9.05,9.38,0.180855,0.520329,11.5489,10855.9,-0.00242225,0.178124,0.524228,9.39151,-0.00242192, ,
43476,9.66,9.66,9.2,9.43,0.178346,0.524534,-5.901,10887.5,0.00122308,0.179037,0.530152,9.64897,0.00122451, ,
43475,9,9.67,8.94,9.67,0.179255,0.530297,17.1655,10921.6,-0.00359015,0.175855,0.524594,9.32899,-0.00359236, ,
43474,9.43,9.57,9.15,9.35,0.176076,0.524751,-19.7496,10893.3,0.00427151,0.179301,0.511897,9.06842,0.00426975, ,
43473,8.57,9.3,8.57,9.09,0.179531,0.512085,15.8132,10804,-0.00349207,0.176372,0.501594,8.6284,-0.00349646, ,
43472,9.04,9.04,8.31,8.65,0.176607,0.501805,-16.9298,10747.8,0.0037109,0.178949,0.506152,8.88117,0.00371588, ,
43469,7.77,8.92,7.74,8.92,0.179182,0.506531,-6.84716,10767.7,0.00172311,0.18172,0.452175,7.37715,0.00169443, ,
43468,7.63,7.85,7.37,7.4,0.18199,0.452517,-3.63287,10416.7,0.000855146,0.182648,0.478949,8.19753,0.000866198, ,
43467,7.8,8.35,7.45,8.22,0.1829,0.479221,-10.1298,10580.2,0.00240267,0.183711,0.476406,8.16325,0.00240339, ,
43462,7.69,8.29,7.69,8.22,0.183966,0.477137,-21.3244,10559,0.00541739,0.187832,0.452315,7.60672,0.00540679, ,
43461,8.31,8.38,7.2,7.63,0.188106,0.452659,92.5318,10381.5,-0.0213697,0.170834,0.480889,7.85817,-0.0213651, ,
43455,8.13,8.4,7.92,7.92,0.171081,0.481676,-21.9162,10633.8,0.00510256,0.174607,0.480188,8.00793,0.0051045, ,
43454,8.4,8.51,7.84,8.03,0.174857,0.480454,47.7648,10611.1,-0.0104641,0.166301,0.501143,8.30884,-0.0104621, ,
43453,8.94,9.28,8.31,8.33,0.166534,0.501352,-76.7662,10766.2,0.0169896,0.179666,0.50398,8.94813,0.0169968, ,
43452,8.65,9.22,8.65,8.97,0.179902,0.504189,54.7916,10740.9,-0.0119763,0.169885,0.50415,8.55867,-0.0119807, ,
43451,9.39,9.39,8.58,8.58,0.170118,0.504354,-18.2448,10772.2,0.00385178,0.172791,0.520747,9.21242,0.00386073, ,
43448,9.19,9.38,8.72,9.25,0.173015,0.52106,3.24877,10865.8,-0.000671238,0.172137,0.53012,9.50919,-0.00066971, ,
43447,9.74,9.81,9.42,9.53,0.172355,0.530263,-6.48666,10924.7,0.00133852,0.173118,0.53128,9.59917,0.00133909, ,
43446,9.23,9.7,9.04,9.62,0.173335,0.531421,-7.7297,10929.4,0.0016847,0.174597,0.508331,8.91844,0.00167911, ,
43445,8.5,9.17,8.38,8.94,0.174829,0.508527, ,,,,,,,,
11400,,,,,,,,,,,,,,,
43535,10.14,10.65,10.02,10.65,0.169712,0.576755,12.8182,11543.5,-0.00235533,0.166849,0.562466,10.0023,-0.00235817, ,
43532,9.77,10.07,9.71,10.04,0.167043,0.562604,24.3163,11457.8,-0.00435942,0.162405,0.572284,10.1207,-0.00435935, ,
43531,10.34,10.56,10.01,10.14,0.162593,0.572321,-0.214216,11517.8,3.75E-05,0.162368,0.584059,10.5311,3.77E-05, ,
43530,10.7,10.73,10.53,10.55,0.16255,0.584072,-11.4818,11587.6,0.00199188,0.164276,0.589484,10.8411,0.00199192, ,
43529,10.58,10.86,10.58,10.86,0.164455,0.589488,11.5744,11620.7,-0.00202238,0.162068,0.584942,10.5611,-0.00202248, ,
43528,11.08,11.08,10.39,10.58,0.16225,0.584953,-33.7115,11592.7,0.00590861,0.167592,0.586289,10.933,0.00590926, ,
43525,10.74,11.17,10.74,10.97,0.167772,0.586337,13.7593,11601.7,-0.00247631,0.165091,0.57226,10.3205,-0.00247713, ,
43524,9.79,10.4,9.79,10.34,0.16528,0.572299,-8.07292,11515.6,0.00146887,0.166375,0.567705,10.2403,0.00146877, ,
43523,10.22,10.33,10,10.26,0.166567,0.567755,11.8181,11487.3,-0.00210739,0.164171,0.576439,10.4307,-0.00210723, ,
43522,9.92,10.5,9.92,10.45,0.164358,0.576469,13.8051,11540.8,-0.00248628,0.161589,0.570431,10.0906,-0.00248676, ,
43521,10.27,10.33,10.11,10.11,0.161779,0.570472,-7.83084,11505.4,0.00143573,0.162546,0.562482,9.88312,0.00143496, ,
43518,9.8,10.09,9.8,9.92,0.16274,0.562615,3.83774,11457.7,-0.000711933,0.161731,0.55665,9.67025,-0.000712496, ,
43517,10.01,10.01,9.69,9.69,0.161928,0.556722,-30.8072,11423.3,0.00578074,0.167021,0.553971,9.85989,0.00578142, ,
43516,9.27,9.91,9.27,9.88,0.167221,0.554052,8.06613,11402,-0.00156384,0.165561,0.538198,9.27954,-0.00156632, ,
43515,9.04,9.3,8.99,9.3,0.16577,0.538314,7.6321,11309.2,-0.00148415,0.164058,0.536148,9.14957,-0.00148478, ,
43514,9.04,9.17,8.93,9.17,0.164267,0.536267,3.32152,11299.2,-0.000645503,0.163017,0.53602,9.10256,-0.000645815, ,
43511,7.72,9.14,7.72,9.14,0.163226,0.53626,-3.13037,11299.8,0.000660482,0.164068,0.500391,8.09875,0.000651623, ,
43510,8.47,8.57,7.98,8.12,0.164299,0.500598,0.79653,11089.8,-0.000162935,0.163875,0.513797,8.48902,-0.000160253, ,
43509,8.43,8.53,8.17,8.51,0.164098,0.51397,12.1876,11167.2,-0.00253348,0.161583,0.505703,8.15895,-0.00253626, ,
43508,8.1,8.21,8.1,8.18,0.16181,0.505895,12.9233,11126.1,-0.00281465,0.159322,0.484789,7.4887,-0.00282228, ,
43507,7.35,7.69,7.35,7.51,0.15956,0.485035,-32.6639,11014.6,0.00743625,0.164918,0.469415,7.29167,0.00743306, ,
43504,7.64,7.73,7.03,7.33,0.165166,0.469939,8.37303,10906.8,-0.00181597,0.163471,0.488946,7.7885,-0.00181108, ,
43503,8.8,8.81,7.68,7.81,0.163708,0.489183,33.4415,11022,-0.00642645,0.158807,0.539836,9.08989,-0.00642165, ,
43502,9.19,9.19,9.05,9.11,0.159014,0.539945,-7.30556,11324.7,0.00138248,0.159972,0.547622,9.40003,0.0013835, ,
43501,8.38,9.43,8.38,9.42,0.160175,0.547713,-3.58926,11368,0.000731012,0.160985,0.514925,8.44916,0.00072468, ,
43500,8.57,8.57,8.07,8.47,0.161207,0.515094,-5.89353,11176.6,0.00119852,0.161586,0.515958,8.51258,0.00119966, ,
43497,8.6,8.74,8.44,8.55,0.161808,0.516279,-14.9018,11180.7,0.00304108,0.164058,0.515906,8.63899,0.00304199, ,
43496,8.98,9.35,8.14,8.66,0.16428,0.516075,-25.5542,11173.1,0.00520341,0.168399,0.519173,8.93881,0.00520564, ,
43495,8.9,8.99,8.73,8.96,0.168621,0.519337,16.4937,11181.7,-0.00330887,0.165381,0.524299,8.9691,-0.00330887, ,
43494,8.97,9.12,8.8,8.99,0.165599,0.524448,-20.4678,11218.8,0.0041239,0.16881,0.524205,9.1289,0.00412506, ,
43493,9.24,9.24,8.84,9.15,0.169029,0.524357,29.2126,11210.3,-0.00571999,0.163347,0.534341,9.20268,-0.00571965, ,
43490,9.06,9.56,9.06,9.24,0.163559,0.534589,-23.4643,11281.8,0.00487125,0.167587,0.510759,8.67857,0.00486753, ,
43489,8.35,8.71,8.34,8.7,0.167814,0.510943,3.62775,11130.2,-0.000770442,0.16685,0.500685,8.34846,-0.00077342, ,
43488,8.25,8.66,8.24,8.37,0.167082,0.500894,32.3073,11071.5,-0.00680969,0.161028,0.50099,8.11879,-0.00681216, ,
43487,8.38,8.65,8.09,8.14,0.161258,0.501195,-37.3955,11090.1,0.00774508,0.167481,0.511959,8.72864,0.00775004, ,
43486,8.87,8.87,8.67,8.75,0.167707,0.51214,-7.65476,11136.2,0.00154501,0.16845,0.523864,9.15181,0.00155019, ,
43483,8,9.19,8,9.19,0.168669,0.52416,-4.12785,11205.5,0.000931301,0.170162,0.477661,7.83776,0.00091446, ,
43482,7.59,7.86,7.5,7.86,0.170409,0.477931,-0.940533,10918.6,0.000211093,0.170184,0.479877,7.90779,0.000211977, ,
43481,8.17,8.17,7.79,7.93,0.17043,0.480141,-24.7996,10931.2,0.00564734,0.174451,0.476266,7.96746,0.00564872, ,
43480,8.29,8.29,7.69,7.99,0.174701,0.476541,-14.9554,10891.8,0.00345146,0.176975,0.472274,7.94723,0.00345156, ,
43479,7.68,7.97,7.67,7.97,0.177229,0.47256,11.0292,10855.9,-0.00251498,0.17457,0.475867,7.97047,-0.0025145, ,
43476,8.21,8.21,7.8,8.01,0.17482,0.476367,-4.53641,10887.5,0.00102025,0.175244,0.48212,8.19749,0.0010229, ,
43475,7.6,8.22,7.55,8.22,0.175491,0.482381,17.5478,10921.6,-0.00399478,0.172004,0.475582,7.88755,-0.00399929, ,
43474,7.98,8.12,7.73,7.91,0.172254,0.475858,-18.4297,10893.3,0.00434443,0.175222,0.463423,7.65714,0.00434134, ,
43473,7.21,7.86,7.21,7.68,0.175481,0.463732,14.5718,10804,-0.00352192,0.172507,0.452354,7.25713,-0.00352962, ,
43472,7.63,7.63,6.98,7.28,0.172772,0.452693,-15.8912,10747.8,0.0038013,0.17493,0.457595,7.49043,0.0038097, ,
43469,6.53,7.53,6.49,7.53,0.175193,0.458172,-9.13215,10767.7,0.00253832,0.178135,0.404426,6.17628,0.00249549, ,
43468,6.41,6.6,6.17,6.2,0.178435,0.4049,-2.39713,10416.7,0.000618629,0.178857,0.431344,6.90643,0.000636126, ,
43467,6.56,7.05,6.25,6.93,0.179139,0.431742,-9.12809,10580.2,0.00237287,0.17978,0.428957,6.87347,0.00237387, ,
43462,6.47,7,6.47,6.93,0.180065,0.429953,-21.1241,10559,0.00590467,0.183927,0.405976,6.39585,0.00588936, ,
43461,7.02,7.09,6.05,6.42,0.18423,0.406447,84.1189,10381.5,-0.021394,0.168148,0.431376,6.60831,-0.021387, ,
43455,6.86,7.1,6.67,6.67,0.168425,0.432479,-19.8161,10633.8,0.0050715,0.171596,0.431636,6.74677,0.00507466, ,
43454,7.1,7.2,6.6,6.77,0.171875,0.432033,43.011,10611.1,-0.0103505,0.164035,0.451021,7.01747,-0.0103469, ,
43453,7.57,7.89,7.03,7.04,0.164298,0.451362,-68.5679,10766.2,0.0165379,0.176034,0.456534,7.58681,0.01655, ,
43452,7.32,7.83,7.32,7.61,0.1763,0.456863,50.2463,10740.9,-0.0120311,0.166997,0.454669,7.22733,-0.012039, ,
43451,7.97,7.97,7.25,7.25,0.167259,0.455,-15.7822,10772.2,0.00362826,0.169499,0.472061,7.81135,0.00364376, ,
43448,7.78,7.95,7.37,7.85,0.169752,0.472567,4.38575,10865.8,-0.000984849,0.168651,0.48142,8.06766,-0.000982026, ,
43447,8.27,8.33,7.99,8.09,0.168898,0.481681,-5.71524,10924.7,0.00128062,0.1695,0.482829,8.14763,0.0012817, ,
43446,7.81,8.24,7.64,8.17,0.169746,0.483087,-6.507,10929.4,0.0015477,0.170775,0.459707,7.52712,0.00153765, ,
43445,7.15,7.76,7.04,7.55,0.171037,0.460026, ,,,,,,,,
12200,,,,,,,,,,,,,,,
43535,6.15,6.53,6.06,6.53,0.157127,0.437828,8.91409,11543.5,-0.00211238,0.154944,0.420621,6.04061,-0.00213177, ,
43532,5.89,6.1,5.84,6.08,0.155213,0.421365,18.7184,11457.8,-0.00432766,0.15149,0.428525,6.1272,-0.00432672, ,
43531,6.3,6.46,6.06,6.15,0.151753,0.428927,0.832048,11517.8,-0.000186087,0.151284,0.441164,6.42731,-0.000180555, ,
43530,6.56,6.59,6.43,6.45,0.15154,0.441529,-9.13717,11587.6,0.00200931,0.152769,0.448545,6.66728,0.00201358, ,
43529,6.49,6.69,6.49,6.69,0.153023,0.448889,8.57205,11620.7,-0.00191221,0.151135,0.442228,6.45731,-0.00191627, ,
43528,6.92,6.92,6.36,6.48,0.151391,0.44259,-31.9506,11592.7,0.00706142,0.156306,0.448343,6.80022,0.00707381, ,
43525,6.64,6.98,6.64,6.84,0.156561,0.448959,12.8336,11601.7,-0.00295679,0.154024,0.431573,6.31699,-0.00296768, ,
43524,5.98,6.39,5.98,6.34,0.154288,0.431967,-9.13082,11515.6,0.0021277,0.155505,0.428103,6.28685,0.00212734, ,
43523,6.27,6.36,6.13,6.31,0.155771,0.428507,10.3251,11487.3,-0.00235123,0.153577,0.43593,6.41703,-0.00234895, ,
43522,6.06,6.48,6.06,6.44,0.153838,0.43631,8.82796,11540.8,-0.00204776,0.151897,0.428182,6.17707,-0.00205328, ,
43521,6.3,6.36,6.2,6.2,0.152161,0.428585,-6.08647,11505.4,0.00144232,0.152579,0.420455,6.02106,0.00143687, ,
43518,5.98,6.19,5.98,6.06,0.152848,0.421193,0.716972,11457.7,-0.000172795,0.152326,0.414521,5.88692,-0.00017669, ,
43517,6.12,6.12,5.91,5.91,0.152598,0.414964,-21.8493,11423.3,0.00528946,0.156091,0.414813,6.01665,0.00529364, ,
43516,5.59,6.05,5.59,6.04,0.156366,0.415255,6.07599,11402,-0.00154184,0.154986,0.397567,5.58665,-0.00155566, ,
43515,5.4,5.61,5.38,5.61,0.15527,0.39806,8.04973,11309.2,-0.00205866,0.153378,0.394141,5.46674,-0.00206296, ,
43514,5.39,5.49,5.33,5.49,0.153662,0.394645,3.23628,11299.2,-0.000828263,0.152367,0.393248,5.42152,-0.00083019, ,
43511,4.47,5.46,4.47,5.46,0.152652,0.394105,-3.38599,11299.8,0.00096554,0.153524,0.358352,4.71676,0.000930692, ,
43510,4.99,5.06,4.65,4.74,0.153829,0.358964,1.81402,11089.8,-0.000496355,0.153146,0.37156,4.98672,-0.00048508, ,
43509,4.95,5.02,4.78,5.01,0.153443,0.372132,8.06661,11167.2,-0.00226547,0.151519,0.362392,4.75685,-0.00227668, ,
43508,4.73,4.8,4.73,4.78,0.151821,0.362993,5.84681,11126.1,-0.001753,0.150471,0.341547,4.31705,-0.00177911, ,
43507,4.24,4.47,4.24,4.34,0.150783,0.342211,-24.6915,11014.6,0.00774561,0.155034,0.329932,4.19287,0.00773732, ,
43504,4.45,4.51,4.04,4.23,0.155357,0.331061,7.21041,10906.8,-0.00212702,0.153696,0.348287,4.53674,-0.00210959, ,
43503,5.25,5.26,4.48,4.56,0.154008,0.34893,29.1071,11022,-0.00737544,0.149533,0.396287,5.44689,-0.00734771, ,
43502,5.52,5.52,5.42,5.47,0.149815,0.396786,-3.46794,11324.7,0.000858603,0.150056,0.404792,5.65687,0.000864819, ,
43501,4.95,5.69,4.95,5.68,0.150334,0.405265,-4.40014,11368,0.0011995,0.151261,0.37247,4.98675,0.00117178, ,
43500,5.13,5.13,4.74,5.01,0.151557,0.373041,-8.46671,11176.6,0.00229408,0.152422,0.374866,5.07193,0.00230162, ,
43497,5.18,5.27,5.04,5.11,0.152718,0.375798,-13.8557,11180.7,0.0037465,0.154839,0.377166,5.19645,0.00375166, ,
43496,5.47,5.73,4.87,5.22,0.155136,0.377721,-19.7159,11173.1,0.00526516,0.158328,0.383092,5.42619,0.00527484, ,
43495,5.42,5.48,5.3,5.45,0.158624,0.383628,10.4101,11181.7,-0.00273926,0.156306,0.387157,5.46632,-0.00273837, ,
43494,5.49,5.57,5.36,5.49,0.156598,0.387681,-15.319,11218.8,0.00402524,0.158948,0.38901,5.58613,0.00403024, ,
43493,5.68,5.68,5.39,5.61,0.159241,0.389529,22.3843,11210.3,-0.00572064,0.154554,0.396256,5.6312,-0.00571915, ,
43490,5.54,5.91,5.54,5.67,0.15484,0.397092,-18.983,11281.8,0.0051947,0.158137,0.375292,5.26615,0.00518031, ,
43489,5.07,5.33,5.05,5.29,0.158438,0.375851,-0.476325,11130.2,0.000134294,0.158133,0.365654,5.05616,0.000124791, ,
43488,5,5.29,5,5.08,0.15844,0.366242,22.7559,11071.5,-0.00642348,0.153749,0.363205,4.89646,-0.00643238, ,
43487,5.09,5.27,4.89,4.92,0.154054,0.363803,-24.6004,11090.1,0.00670294,0.158225,0.376961,5.31611,0.00672122, ,
43486,5.43,5.43,5.29,5.34,0.158525,0.377515,-3.95151,11136.2,0.0010382,0.158614,0.389221,5.61074,0.00105665, ,
43483,4.84,5.65,4.84,5.65,0.158908,0.390086,-9.45435,11205.5,0.00285656,0.161351,0.345981,4.72597,0.00280649, ,
43482,4.6,4.75,4.5,4.75,0.161673,0.346628,-4.58447,10918.6,0.00137233,0.162094,0.349245,4.81589,0.00137761, ,
43481,5.05,5.05,4.76,4.84,0.162415,0.349881,-21.777,10931.2,0.0065758,0.166116,0.348588,4.89561,0.006582, ,
43480,5.15,5.15,4.72,4.92,0.16644,0.349225,-12.4443,10891.8,0.0038019,0.168367,0.346187,4.89546,0.00380296, ,
43479,4.72,4.92,4.72,4.92,0.168695,0.346831,8.0342,10855.9,-0.00242523,0.166408,0.348701,4.91065,-0.00242361, ,
43476,5.09,5.09,4.79,4.95,0.166733,0.349738,-1.86334,10887.5,0.000552141,0.166643,0.354985,5.06549,0.000559518, ,
43475,4.62,5.09,4.59,5.09,0.166964,0.355603,15.1815,10921.6,-0.00460125,0.163636,0.346673,4.81572,-0.00461659, ,
43474,4.88,4.97,4.71,4.84,0.163961,0.347317,-13.0965,10893.3,0.00412799,0.166101,0.336202,4.64563,0.00411845, ,
43473,4.34,4.78,4.34,4.67,0.166435,0.336876,10.734,10804,-0.00351124,0.163911,0.324477,4.35589,-0.00353309, ,
43472,4.62,4.62,4.17,4.38,0.164251,0.325186,-10.4135,10747.8,0.00334593,0.16556,0.330187,4.51142,0.00336595, ,
43469,3.92,4.55,3.89,4.55,0.165897,0.331297,-15.2057,10767.7,0.00584035,0.170135,0.284641,3.67612,0.00574854, ,
43468,3.86,3.98,3.69,3.7,0.170509,0.285462,0.706765,10416.7,-0.000247064,0.170285,0.309324,4.17562,-0.000204668, ,
43467,3.97,4.28,3.74,4.2,0.170642,0.310076,-8.57218,10580.2,0.0030113,0.171324,0.307928,4.16763,0.00301741, ,
43462,3.93,4.27,3.93,4.22,0.171683,0.309564,-18.4848,10559,0.00704704,0.175383,0.28933,3.86559,0.00701487, ,
43461,4.29,4.36,3.64,3.89,0.175761,0.290136,61.8531,10381.5,-0.0215053,0.162203,0.306715,3.99295,-0.02149, ,
43455,4.18,4.34,4.05,4.05,0.162554,0.308561,-14.0309,10633.8,0.0048861,0.164901,0.308692,4.09582,0.00489379, ,
43454,4.34,4.41,4.01,4.12,0.165254,0.309448,32.2822,10611.1,-0.0105494,0.1586,0.323455,4.27603,-0.0105397, ,
43453,4.67,4.89,4.28,4.3,0.158937,0.324171,-47.4482,10766.2,0.0152334,0.167656,0.33297,4.66529,0.0152639, ,
43452,4.49,4.84,4.49,4.69,0.167996,0.333654,35.2896,10740.9,-0.0113982,0.16068,0.327927,4.41581,-0.011419, ,
43451,4.92,4.92,4.44,4.44,0.161017,0.328629,-6.67782,10772.2,0.00204188,0.161716,0.344394,4.79147,0.00207889, ,
43448,4.79,4.9,4.5,4.83,0.162044,0.345435,3.85218,10865.8,-0.00114457,0.160917,0.353216,4.97554,-0.0011359, ,
43447,5.1,5.19,4.9,5,0.161239,0.353843,-0.322518,10924.7,9.56E-05,0.160846,0.354061,4.99553,9.66E-05, ,
43446,4.77,5.07,4.66,5.02,0.161167,0.354685,-6.65474,10929.4,0.00212234,0.162248,0.332745,4.56561,0.00209464, ,
43445,4.3,4.74,4.23,4.59,0.162584,0.333432, ,,,,,,,,
12550,,,,,,,,,,,,,,,
43535,4.78,5.1,4.71,5.1,0.15231,0.375318,6.25152,11543.5,-0.00171706,0.150543,0.358016,4.69148,-0.0017468, ,
43532,4.57,4.74,4.53,4.73,0.150844,0.359041,16.9097,11457.8,-0.00453262,0.147276,0.36481,4.75674,-0.00453138, ,
43531,4.91,5.04,4.71,4.78,0.147571,0.365406,1.37401,11517.8,-0.00035472,0.146969,0.377131,5.00671,-0.000345238, ,
43530,5.13,5.15,5.02,5.03,0.147257,0.377688,-8.23501,11587.6,0.00208159,0.148356,0.384994,5.21659,0.00208933, ,
43529,5.07,5.24,5.07,5.24,0.148641,0.385527,6.35471,11620.7,-0.00163452,0.147076,0.37855,5.04668,-0.00164122, ,
43528,5.46,5.46,4.96,5.07,0.147363,0.379103,-29.5064,11592.7,0.00746284,0.152017,0.386444,5.36056,0.00748452, ,
43525,5.21,5.52,5.21,5.4,0.152304,0.387338,12.1889,11601.7,-0.00324034,0.149783,0.369143,4.93647,-0.00325942, ,
43524,4.67,5.01,4.67,4.96,0.150078,0.369724,-10.3991,11515.6,0.00279268,0.151567,0.366746,4.93634,0.00279328, ,
43523,4.92,5,4.8,4.96,0.151865,0.367334,10.0105,11487.3,-0.0026248,0.149625,0.373741,5.03644,-0.00262135, ,
43522,4.74,5.09,4.74,5.06,0.149917,0.374308,7.02777,11540.8,-0.00188409,0.148217,0.365851,4.83656,-0.00189316, ,
43521,4.94,4.99,4.86,4.86,0.148513,0.366443,-5.14188,11505.4,0.00141088,0.148784,0.358434,4.70178,0.00140207, ,
43518,4.68,4.85,4.68,4.74,0.149084,0.359449,-0.168535,11457.7,4.71E-05,0.148694,0.352901,4.59655,4.11E-05, ,
43517,4.79,4.79,4.62,4.62,0.148998,0.353531,-17.5536,11423.3,0.0049177,0.151846,0.353827,4.69635,0.00492382, ,
43516,4.34,4.73,4.34,4.72,0.152152,0.354453,4.68382,11402,-0.00138491,0.150957,0.336927,4.33651,-0.00140669, ,
43515,4.18,4.36,4.17,4.36,0.151271,0.337605,6.65664,11309.2,-0.00198822,0.149538,0.333319,4.23664,-0.00199493, ,
43514,4.17,4.26,4.12,4.26,0.149853,0.334009,3.19982,11299.2,-0.000957388,0.148512,0.332088,4.1927,-0.00096084, ,
43511,3.42,4.23,3.42,4.23,0.148828,0.333213,-4.04564,11299.8,0.00136438,0.149844,0.299414,3.61705,0.00131232, ,
43510,3.84,3.89,3.56,3.64,0.150181,0.300203,2.1996,11089.8,-0.000708597,0.149368,0.311782,3.83686,-0.000691663, ,
43509,3.81,3.86,3.66,3.86,0.149696,0.312536,6.51103,11167.2,-0.0021627,0.147953,0.302793,3.64709,-0.00217968, ,
43508,3.63,3.68,3.62,3.67,0.148286,0.303575,4.34686,11126.1,-0.00155459,0.147135,0.283071,3.28753,-0.00159331, ,
43507,3.24,3.42,3.24,3.31,0.147478,0.28391,-21.6194,11014.6,0.00808653,0.151455,0.273388,3.19494,0.00807658, ,
43504,3.41,3.46,3.07,3.23,0.15181,0.274738,6.56133,10906.8,-0.0022942,0.150142,0.290416,3.47712,-0.00226847, ,
43503,4.07,4.07,3.44,3.5,0.150484,0.291232,26.6338,11022,-0.00788598,0.146102,0.33507,4.2267,-0.00784248, ,
43502,4.29,4.29,4.21,4.25,0.146415,0.335757,-2.12211,11324.7,0.000611983,0.14641,0.343251,4.39662,0.000621588, ,
43501,3.82,4.43,3.82,4.42,0.146719,0.343912,-5.01851,11368,0.00160968,0.147783,0.312823,3.84684,0.00156772, ,
43500,3.98,3.98,3.65,3.87,0.14811,0.313576,-8.70645,11176.6,0.00276592,0.149107,0.31586,3.93322,0.00277914, ,
43497,4.04,4.12,3.92,3.97,0.149434,0.317044,-13.4189,11180.7,0.00423748,0.151604,0.319209,4.05643,0.00424668, ,
43496,4.29,4.5,3.8,4.08,0.151932,0.31994,-17.205,11173.1,0.0053386,0.154828,0.325786,4.25611,0.00535366, ,
43495,4.26,4.29,4.15,4.28,0.155155,0.326496,9.26277,11181.7,-0.00283247,0.152919,0.32921,4.28619,-0.00283131, ,
43494,4.31,4.38,4.21,4.31,0.153243,0.32991,-12.8305,11218.8,0.00390811,0.155246,0.331506,4.38604,0.00391556, ,
43493,4.47,4.47,4.23,4.41,0.15557,0.332198,18.2275,11210.3,-0.00539781,0.151427,0.337851,4.43206,-0.00539438, ,
43490,4.36,4.68,4.36,4.47,0.151744,0.338939,-16.4089,11281.8,0.00522769,0.154712,0.318567,4.12614,0.00520588, ,
43489,3.99,4.2,3.96,4.15,0.155044,0.319298,-2.21729,11130.2,0.000729242,0.155058,0.309909,3.96623,0.000716633, ,
43488,3.92,4.17,3.92,3.99,0.155396,0.310665,18.7142,11071.5,-0.00618345,0.151197,0.306939,3.83653,-0.00619617, ,
43487,4,4.15,3.83,3.86,0.151533,0.307707,-20.1815,11090.1,0.00638767,0.155102,0.32079,4.18604,0.00641461, ,
43486,4.28,4.28,4.17,4.21,0.155433,0.321514,-2.86404,11136.2,0.000870043,0.155336,0.332554,4.43171,0.000896725, ,
43483,3.8,4.47,3.8,4.47,0.155661,0.33366,-10.1544,11205.5,0.0035888,0.158307,0.292498,3.70625,0.00351814, ,
43482,3.62,3.73,3.53,3.73,0.15866,0.293303,-4.25604,10918.6,0.00148712,0.159049,0.295871,3.78611,0.00149516, ,
43481,4.01,4.01,3.76,3.81,0.159401,0.296666,-21.7462,10931.2,0.00762488,0.16335,0.296959,3.88579,0.00763697, ,
43480,4.1,4.1,3.75,3.91,0.163706,0.297748,-11.626,10891.8,0.00411827,0.165596,0.295364,3.89565,0.00412075, ,
43479,3.75,3.92,3.75,3.92,0.165955,0.296156,7.41785,10855.9,-0.0025973,0.163666,0.297265,3.90204,-0.00259587, ,
43476,4.05,4.05,3.8,3.94,0.164023,0.298507,-0.629415,10887.5,0.000216027,0.163676,0.303085,4.02558,0.000225719, ,
43475,3.64,4.05,3.62,4.05,0.164029,0.303857,14.6618,10921.6,-0.00517895,0.160586,0.294156,3.79595,-0.00520292, ,
43474,3.85,3.94,3.72,3.82,0.160942,0.294955,-11.5136,10893.3,0.004237,0.162907,0.284755,3.65598,0.00422375, ,
43473,3.4,3.76,3.4,3.68,0.163271,0.285579,8.58639,10804,-0.00329579,0.161013,0.27355,3.41637,-0.00332599, ,
43472,3.63,3.63,3.27,3.44,0.161384,0.274406,-8.42645,10747.8,0.00316702,0.16241,0.279041,3.54316,0.00319365, ,
43469,3.08,3.58,3.06,3.58,0.162778,0.280347,-17.1621,10767.7,0.00777809,0.16762,0.238816,2.88697,0.00766238, ,
43468,3.03,3.14,2.89,2.91,0.168025,0.239757,1.89721,10416.7,-0.000776465,0.167487,0.261435,3.29621,-0.000720003, ,
43467,3.13,3.38,2.94,3.32,0.167875,0.26232,-7.56593,10580.2,0.00310816,0.168461,0.260324,3.29087,0.00311701, ,
43462,3.11,3.37,3.11,3.34,0.168851,0.262167,-17.5093,10559,0.00782552,0.172613,0.244265,3.05637,0.00778553, ,
43461,3.39,3.46,2.87,3.08,0.173022,0.245192,53.6761,10381.5,-0.0219268,0.160125,0.258223,3.14661,-0.0219104, ,
43455,3.31,3.44,3.2,3.2,0.160507,0.260299,-11.9424,10633.8,0.00487596,0.162605,0.26065,3.23638,0.00488656, ,
43454,3.45,3.5,3.17,3.26,0.162989,0.261541,27.5584,10611.1,-0.0105467,0.156786,0.273514,3.3864,-0.010533, ,
43453,3.71,3.9,3.41,3.41,0.157155,0.274375,-39.1977,10766.2,0.0146245,0.164816,0.283437,3.70561,0.0146654, ,
43452,3.56,3.85,3.56,3.73,0.165187,0.284266,29.7233,10740.9,-0.0112197,0.158487,0.277759,3.49616,-0.0112485, ,
43451,3.91,3.91,3.52,3.52,0.158855,0.278607,-4.46013,10772.2,0.00158493,0.15917,0.293082,3.80281,0.00163414, ,
43448,3.8,3.89,3.56,3.84,0.159528,0.294326,4.78161,10865.8,-0.00164917,0.158137,0.300955,3.94564,-0.00163809, ,
43447,4.04,4.12,3.88,3.97,0.15849,0.301738,0.429854,10924.7,-0.000147906,0.157924,0.301546,3.95563,-0.000147067, ,
43446,3.77,4.02,3.68,3.98,0.158276,0.302327,-7.12776,10929.4,0.002653,0.159505,0.282053,3.60591,0.00261543, ,
43445,3.38,3.74,3.32,3.63,0.159872,0.282889, ,,,,,,,,
13750,,,,,,,,,,,,,,,
43535,1.77,1.92,1.75,1.92,0.140802,0.188462,1.89379,11543.5,-0.00102586,0.139642,0.174757,1.72098,-0.00111294, ,
43532,1.69,1.76,1.67,1.75,0.140042,0.176391,8.76255,11457.8,-0.0046353,0.13718,0.178406,1.75049,-0.00463149, ,
43531,1.83,1.89,1.75,1.77,0.137575,0.179496,2.12386,11517.8,-0.00106738,0.136579,0.186862,1.86006,-0.00103606, ,
43530,1.91,1.94,1.86,1.88,0.136967,0.18794,-1.59656,11587.6,0.000778269,0.136885,0.192329,1.93975,0.000800358, ,
43529,1.88,1.96,1.88,1.96,0.13727,0.193397,2.7172,11620.7,-0.00136339,0.136082,0.187055,1.86006,-0.0013873, ,
43528,2.13,2.13,1.84,1.88,0.13647,0.188134,-20.1974,11592.7,0.00957826,0.140801,0.198267,2.06864,0.00966963, ,
43525,1.99,2.15,1.99,2.1,0.141188,0.199856,6.04524,11601.7,-0.00310428,0.139288,0.184356,1.85994,-0.00317212, ,
43524,1.79,1.9,1.79,1.88,0.139683,0.185434,-8.2673,11515.6,0.00424761,0.141306,0.184987,1.88977,0.00425898, ,
43523,1.89,1.92,1.84,1.91,0.141704,0.186061,6.15799,11487.3,-0.00308226,0.139621,0.188941,1.92965,-0.00307262, ,
43522,1.81,1.96,1.81,1.95,0.140014,0.190011,2.48526,11540.8,-0.00128681,0.138875,0.182949,1.84,-0.00131509, ,
43521,1.89,1.91,1.86,1.86,0.139271,0.18403,-2.54634,11505.4,0.00135927,0.13919,0.177588,1.77071,0.00133121, ,
43518,1.79,1.86,1.78,1.8,0.139591,0.179208,-3.07371,11457.7,0.00167164,0.139894,0.175368,1.75031,0.00166249, ,
43517,1.83,1.83,1.77,1.77,0.140298,0.176459,-6.78104,11423.3,0.00367934,0.141584,0.176339,1.78014,0.00369159, ,
43516,1.63,1.8,1.63,1.8,0.14199,0.177426,1.68028,11402,-0.000985633,0.14114,0.164052,1.61088,-0.00105332, ,
43515,1.55,1.63,1.55,1.63,0.141555,0.165155,3.37855,11309.2,-0.00202028,0.140054,0.160879,1.56113,-0.0020422, ,
43514,1.53,1.58,1.52,1.58,0.14047,0.161986,2.09646,11299.2,-0.00126175,0.139074,0.159215,1.53256,-0.00127532, ,
43511,1.23,1.56,1.23,1.56,0.13949,0.160848,-4.43477,11299.8,0.00311576,0.140919,0.139039,1.2925,0.00297645, ,
43510,1.39,1.41,1.28,1.31,0.141356,0.140159,2.43491,11089.8,-0.00161339,0.140129,0.146562,1.382,-0.00156898, ,
43509,1.37,1.4,1.32,1.4,0.140558,0.147681,2.17199,11167.2,-0.00150397,0.139361,0.140541,1.30245,-0.00154936, ,
43508,1.32,1.33,1.3,1.32,0.139794,0.141664,-1.56936,11126.1,0.00118857,0.139937,0.129555,1.17322,0.0011041, ,
43507,1.16,1.24,1.16,1.19,0.140381,0.130678,-10.6323,11014.6,0.00841735,0.143271,0.124838,1.13612,0.00839667, ,
43504,1.24,1.26,1.1,1.16,0.143726,0.126448,4.6819,10906.8,-0.00341025,0.141766,0.134961,1.25267,-0.00334629, ,
43503,1.52,1.52,1.25,1.27,0.142209,0.136081,17.4482,11022,-0.0103184,0.137667,0.162245,1.57103,-0.0101953, ,
43502,1.61,1.61,1.58,1.59,0.13808,0.163357,-0.678608,11324.7,0.000386253,0.137773,0.168133,1.65065,0.000416447, ,
43501,1.4,1.67,1.4,1.67,0.138182,0.169239,-4.67104,11368,0.00305055,0.139499,0.148676,1.41178,0.00293454, ,
43500,1.52,1.52,1.35,1.43,0.139927,0.149796,-7.36873,11176.6,0.00466706,0.141327,0.153098,1.48293,0.00472555, ,
43497,1.57,1.6,1.5,1.51,0.141754,0.154721,-8.19921,11180.7,0.00507942,0.14359,0.157506,1.56091,0.00511343, ,
43496,1.69,1.79,1.47,1.58,0.144018,0.158613,-9.58702,11173.1,0.00571806,0.146209,0.16396,1.67033,0.00576587, ,
43495,1.69,1.7,1.64,1.69,0.146636,0.165058,3.2347,11181.7,-0.00189187,0.145195,0.166639,1.70021,-0.00188157, ,
43494,1.73,1.75,1.69,1.72,0.145618,0.167735,-7.455,11218.8,0.00429353,0.14712,0.169676,1.7599,0.00431857, ,
43493,1.8,1.8,1.7,1.78,0.147544,0.170766,10.4303,11210.3,-0.00585354,0.143944,0.172295,1.77061,-0.0058486, ,
43490,1.75,1.9,1.75,1.8,0.144362,0.173897,-11.6532,11281.8,0.00709321,0.147258,0.161509,1.65035,0.00704422, ,
43489,1.61,1.71,1.59,1.67,0.14769,0.162609,-4.28405,11130.2,0.00269287,0.148391,0.157222,1.60056,0.00267275, ,
43488,1.58,1.69,1.58,1.62,0.148829,0.158324,8.88535,11071.5,-0.00566988,0.145663,0.154265,1.5409,-0.00570147, ,
43487,1.63,1.69,1.55,1.56,0.1461,0.155374,-8.37061,11090.1,0.00500811,0.148008,0.164437,1.70008,0.00507538, ,
43486,1.75,1.75,1.69,1.72,0.14844,0.165533,0.056306,11136.2,-3.19E-05,0.147697,0.172279,1.81018,3.10E-05, ,
43483,1.56,1.84,1.56,1.84,0.148122,0.173873,-11.9304,11205.5,0.00805726,0.151924,0.14852,1.51089,0.00790758, ,
43482,1.51,1.53,1.44,1.53,0.152378,0.149625,-4.06506,10918.6,0.00267966,0.153028,0.152221,1.57055,0.00271033, ,
43481,1.71,1.71,1.58,1.59,0.15348,0.153323,-14.1882,10931.2,0.00920412,0.157086,0.155768,1.65007,0.00924761, ,
43480,1.77,1.77,1.6,1.67,0.157542,0.156862,-6.61905,10891.8,0.00432021,0.158906,0.155515,1.65998,0.00432812, ,
43479,1.61,1.68,1.61,1.68,0.159366,0.156607,2.99767,10855.9,-0.00192821,0.157633,0.156813,1.67083,-0.00191727, ,
43476,1.75,1.75,1.62,1.7,0.15809,0.158406,0.524683,10887.5,-0.000329388,0.157369,0.160782,1.72965,-0.000308338, ,
43475,1.51,1.75,1.5,1.75,0.157822,0.161872,11.689,10921.6,-0.00778141,0.153847,0.151393,1.57048,-0.00786501, ,
43474,1.6,1.64,1.55,1.59,0.154303,0.152495,-6.09843,10893.3,0.00425865,0.155643,0.14551,1.5008,0.00422497, ,
43473,1.39,1.55,1.39,1.52,0.156108,0.146614,4.22091,10804,-0.00313017,0.154245,0.137381,1.38148,-0.00320467, ,
43472,1.49,1.49,1.33,1.4,0.154716,0.13849,-4.15693,10747.8,0.00298449,0.155198,0.141414,1.44287,0.00304469, ,
43469,1.29,1.47,1.28,1.47,0.155667,0.143006,-17.7504,10767.7,0.0154809,0.162249,0.120686,1.20244,0.0152972, ,
43468,1.28,1.32,1.21,1.22,0.162754,0.121786,3.23363,10416.7,-0.00249223,0.161417,0.134858,1.39126,-0.00237462, ,
43467,1.33,1.43,1.24,1.41,0.161905,0.13596,-4.90351,10580.2,0.00376886,0.16236,0.134703,1.39495,0.00379874, ,
43462,1.33,1.44,1.33,1.43,0.162851,0.136762,-12.7034,10559,0.0106284,0.16678,0.126844,1.31161,0.0105661, ,
43461,1.46,1.51,1.24,1.33,0.167289,0.127942,29.9615,10381.5,-0.0231482,0.15614,0.132316,1.33224,-0.0231371, ,
43455,1.42,1.48,1.37,1.37,0.156623,0.134602,-6.0893,10633.8,0.00467409,0.157999,0.13486,1.38127,0.00469718, ,
43454,1.48,1.51,1.36,1.4,0.158485,0.135969,15.1853,10611.1,-0.0109021,0.153226,0.141916,1.45095,-0.0108717, ,
43453,1.6,1.7,1.47,1.47,0.153695,0.143029,-17.8089,10766.2,0.012242,0.158514,0.149326,1.5901,0.0123231, ,
43452,1.53,1.66,1.53,1.61,0.158985,0.150429,14.5545,10740.9,-0.010279,0.153945,0.14435,1.4907,-0.0103419, ,
43451,1.67,1.67,1.5,1.51,0.154413,0.145461,1.48026,10772.2,-0.000975443,0.153269,0.153171,1.61155,-0.000887874, ,
43448,1.62,1.66,1.52,1.64,0.153728,0.154754,3.39167,10865.8,-0.00215885,0.152216,0.158264,1.67975,-0.00213383, ,
43447,1.71,1.77,1.64,1.7,0.152669,0.159368,2.74914,10924.7,-0.0017587,0.151312,0.157289,1.65985,-0.00176903, ,
43446,1.59,1.7,1.54,1.68,0.151764,0.158395,-5.77551,10929.4,0.00405482,0.153135,0.14511,1.50061,0.00397192, ,
43445,1.4,1.57,1.37,1.52,0.153603,0.146223, ,,,,,,,,
16000,,,,,,,,,,,,,,,
43535,0.22,0.23,0.21,0.23,0.134441,0.0324496,-1.662,11543.5,0.00497384,0.135195,0.0301004,0.210766,0.00488661, ,
43532,0.21,0.22,0.21,0.22,0.135762,0.0310834,1.8768,11457.8,-0.00554418,0.133207,0.0305729,0.213183,-0.00555277, ,
43531,0.23,0.23,0.22,0.22,0.133769,0.0313009,1.27811,11517.8,-0.0036,0.131893,0.0318789,0.222978,-0.00353956, ,
43530,0.22,0.24,0.21,0.23,0.132448,0.0326236,2.04924,11587.6,-0.00591837,0.129786,0.0309522,0.213174,-0.00599619, ,
43529,0.21,0.22,0.2,0.22,0.130338,0.031689,0.143424,11620.7,-0.000431179,0.129539,0.0297813,0.203375,-0.000504983, ,
43528,0.26,0.26,0.2,0.21,0.130093,0.0305048,-3.68643,11592.7,0.00974356,0.132701,0.033723,0.239944,0.0100912, ,
43525,0.23,0.26,0.23,0.25,0.133255,0.0347661,0.307114,11601.7,-0.000907503,0.132421,0.0305679,0.213162,-0.00112099, ,
43524,0.23,0.23,0.22,0.22,0.132983,0.0312981,-2.94225,11515.6,0.00821075,0.135104,0.032534,0.232763,0.00835225, ,
43523,0.24,0.24,0.24,0.24,0.135669,0.0332837,1.79045,11487.3,-0.00493893,0.133318,0.0327373,0.232759,-0.00494648, ,
43522,0.23,0.24,0.23,0.24,0.133877,0.0334914,-0.143994,11540.8,0.000412819,0.133349,0.0315745,0.222953,0.000346048, ,
43521,0.24,0.24,0.23,0.23,0.133912,0.0323158,-1.53278,11505.4,0.00443949,0.134462,0.0311431,0.220497,0.00444899, ,
43518,0.23,0.24,0.23,0.23,0.135029,0.032141,-1.102,11457.7,0.00321534,0.135406,0.0312798,0.222943,0.00322043, ,
43517,0.23,0.24,0.23,0.23,0.135977,0.0320163,-0.680665,11423.3,0.00199502,0.135945,0.0312051,0.22294,0.00199819, ,
43516,0.2,0.23,0.2,0.23,0.136518,0.0319403,0.359051,11402,-0.00118898,0.135609,0.0277763,0.193556,-0.00143976, ,
43515,0.19,0.2,0.19,0.2,0.136191,0.0284708,0.72612,11309.2,-0.00250247,0.134696,0.0266798,0.183768,-0.00259485, ,
43514,0.18,0.19,0.18,0.19,0.135279,0.0273614,0.0164083,11299.2,-5.65E-05,0.134318,0.0264511,0.181667,-5.67E-05, ,
43511,0.15,0.19,0.15,0.19,0.1349,0.027365,-1.9313,11299.8,0.00790214,0.136962,0.022854,0.154439,0.00757884, ,
43510,0.17,0.17,0.16,0.16,0.137565,0.0234813,0.919829,11089.8,-0.00353936,0.13576,0.0241474,0.164203,-0.00344228, ,
43509,0.17,0.17,0.16,0.17,0.136355,0.0247945,0.030258,11167.2,-0.000122868,0.135629,0.0229419,0.154433,-0.000234818, ,
43508,0.16,0.16,0.16,0.16,0.136229,0.023572,-1.47257,11126.1,0.00642271,0.137537,0.0215693,0.144671,0.00631138, ,
43507,0.15,0.16,0.15,0.15,0.138148,0.0221774,-2.36533,11014.6,0.0105457,0.140413,0.021139,0.142933,0.0105725, ,
43504,0.16,0.16,0.14,0.15,0.141034,0.0219399,1.68751,10906.8,-0.00700078,0.138154,0.0226959,0.154424,-0.00689911, ,
43503,0.19,0.19,0.16,0.16,0.138764,0.0233211,4.63537,11022,-0.0152948,0.133585,0.027828,0.193519,-0.0149877, ,
43502,0.21,0.21,0.2,0.2,0.134165,0.0285278,0.286418,11324.7,-0.000903406,0.133201,0.0290211,0.203304,-0.000827021, ,
43501,0.18,0.21,0.18,0.21,0.133776,0.0297364,-1.96219,11368,0.00722029,0.135595,0.0252613,0.173954,0.00694204, ,
43500,0.21,0.21,0.17,0.18,0.13619,0.0259257,-2.8811,11176.6,0.00945184,0.138437,0.0282019,0.201074,0.00980216, ,
43497,0.23,0.23,0.21,0.21,0.139031,0.0291413,-2.2357,11180.7,0.00687223,0.140599,0.0304494,0.222883,0.00703062, ,
43496,0.25,0.26,0.22,0.23,0.141194,0.0311752,-1.71573,11173.1,0.00495438,0.142151,0.0324595,0.242485,0.0050958, ,
43495,0.26,0.26,0.24,0.25,0.142745,0.0332067,0.275724,11181.7,-0.000767935,0.141794,0.0335617,0.252289,-0.000706047, ,
43494,0.27,0.27,0.26,0.26,0.142385,0.0343214,-1.30048,11218.8,0.00353074,0.142844,0.034496,0.262097,0.00359712, ,
43493,0.28,0.28,0.26,0.27,0.143436,0.0352648,1.60896,11210.3,-0.00419248,0.141109,0.0354467,0.269154,-0.00412406, ,
43490,0.28,0.3,0.28,0.28,0.141693,0.0364989,-3.15702,11281.8,0.00895373,0.14396,0.0332595,0.252273,0.00883969, ,
43489,0.26,0.28,0.26,0.26,0.144559,0.034015,-3.03943,11130.2,0.00848868,0.146604,0.0340176,0.26208,0.00856565, ,
43488,0.26,0.28,0.26,0.27,0.147209,0.0347789,1.62917,11071.5,-0.00465829,0.144971,0.0331266,0.252267,-0.00473133, ,
43487,0.28,0.28,0.26,0.26,0.145575,0.0338802,-1.29907,11090.1,0.00340089,0.146079,0.036121,0.281703,0.00357718, ,
43486,0.29,0.29,0.28,0.29,0.146678,0.0369047,0.706737,11136.2,-0.00173894,0.145183,0.0379532,0.298393,-0.00160205, ,
43483,0.28,0.31,0.28,0.31,0.145775,0.0390358,-5.83495,11205.5,0.0168026,0.150703,0.0335236,0.262059,0.0165725, ,
43482,0.28,0.28,0.26,0.27,0.151323,0.0342777,-1.54331,10918.6,0.00421006,0.151993,0.0354149,0.281683,0.00433658, ,
43481,0.33,0.33,0.29,0.29,0.152612,0.0361876,-4.52975,10931.2,0.0116044,0.155741,0.037982,0.311147,0.0117854, ,
43480,0.34,0.34,0.31,0.32,0.156364,0.0387768,-2.41862,10891.8,0.00610422,0.157621,0.0387375,0.320967,0.00616699, ,
43479,0.32,0.33,0.32,0.33,0.158247,0.039538,1.25101,10855.9,-0.00313765,0.156192,0.0385705,0.317858,-0.00314495, ,
43476,0.34,0.34,0.31,0.33,0.156816,0.0396519,0.387588,10887.5,-0.00094527,0.155763,0.0398432,0.330782,-0.000897032, ,
43475,0.27,0.34,0.27,0.34,0.156383,0.0406561,5.00662,10921.6,-0.0141116,0.151414,0.0343755,0.271844,-0.014513, ,
43474,0.28,0.29,0.27,0.28,0.152037,0.0351397,-2.03099,10893.3,0.00598157,0.15321,0.0331761,0.262028,0.00592561, ,
43473,0.24,0.27,0.24,0.27,0.153842,0.0339265,0.209729,10804,-0.000660455,0.152929,0.0311432,0.242411,-0.000809302, ,
43472,0.26,0.26,0.23,0.25,0.153566,0.0318719,-0.346306,10747.8,0.00105566,0.1529,0.031895,0.249653,0.00115267, ,
43469,0.25,0.26,0.23,0.26,0.153536,0.0328805,-8.55433,10767.7,0.0295798,0.161962,0.0293635,0.232596,0.0294728, ,
43468,0.25,0.26,0.24,0.24,0.162634,0.0300667,2.44286,10416.7,-0.00751311,0.159619,0.0325428,0.262004,-0.00731695, ,
43467,0.26,0.28,0.24,0.27,0.160273,0.0332835,-1.72487,10580.2,0.00518734,0.160611,0.0328951,0.266417,0.00531843, ,
43462,0.27,0.28,0.27,0.28,0.161268,0.0341431,-4.81404,10559,0.0153733,0.165277,0.0320312,0.261981,0.0153304, ,
43461,0.29,0.31,0.26,0.27,0.165952,0.0327644,7.66927,10381.5,-0.0227323,0.157293,0.0329861,0.265147,-0.0226873, ,
43455,0.29,0.3,0.28,0.28,0.157942,0.0343595,-0.779206,10633.8,0.0023197,0.157894,0.0335396,0.271771,0.00232407, ,
43454,0.3,0.3,0.28,0.28,0.158545,0.034295,4.53308,10611.1,-0.0127674,0.15373,0.0348992,0.281583,-0.0127281, ,
43453,0.31,0.33,0.29,0.29,0.154366,0.0356719,-3.96939,10766.2,0.0104674,0.157024,0.037489,0.311041,0.0106544, ,
43452,0.3,0.32,0.3,0.32,0.157663,0.0382849,3.14601,10740.9,-0.00863631,0.154176,0.0358193,0.291402,-0.00877195, ,
43451,0.32,0.32,0.29,0.3,0.154811,0.0366013,1.62202,10772.2,-0.00417392,0.152522,0.0376427,0.308131,-0.0040375, ,
43448,0.31,0.32,0.3,0.32,0.153148,0.0387094,1.34589,10865.8,-0.00334893,0.151337,0.0389922,0.320851,-0.00330256, ,
43447,0.32,0.34,0.31,0.33,0.151957,0.0398077,2.17989,10924.7,-0.00566639,0.149434,0.0372345,0.301205,-0.00578824, ,
43446,0.3,0.32,0.29,0.31,0.150053,0.0380354,-3.31972,10929.4,0.00932239,0.152293,0.0349459,0.281555,0.00921432, ,
43445,0.26,0.29,0.26,0.29,0.152928,0.035722, ,,,,,,,,
