 Date  ,  Opening  , High , Low , Close , Impiled Volatility ,  Delta  ,  Portfolio_Value ,  DAX 
43535 , 14.53 , 15.14 , 14.38 , 15.14 , 0.182437 , 0.683123 , 15.3952 , 11543.5 , 
43532 , 14.09 , 14.43 , 13.99 , 14.41 , 0.178982 , 0.672634 , 29.0145 , 11457.8 , 
43531 , 14.78 , 15.05 , 14.38 , 14.53 , 0.173191 , 0.684032 , -1.55314 , 11517.8 , 
43530 , 15.2 , 15.25 , 15 , 15.03 , 0.173397 , 0.693782 , -13.9293 , 11587.6 , 
43529 , 15.05 , 15.4 , 15.04 , 15.4 , 0.175999 , 0.696782 , 15.4922 , 11620.7 , 
43528 , 15.6 , 15.6 , 14.83 , 15.05 , 0.172765 , 0.694718 , -34.7574 , 11592.7 , 
43525 , 15.21 , 15.71 , 15.21 , 15.46 , 0.179112 , 0.692122 , 16.3307 , 11601.7 , 
43524 , 14.03 , 14.8 , 14.03 , 14.71 , 0.17583 , 0.681883 , -9.16603 , 11515.6 , 
43523 , 14.57 , 14.67 , 14.29 , 14.61 , 0.177459 , 0.677017 , 12.6632 , 11487.3 , 
43522 , 14.2 , 14.93 , 14.2 , 14.85 , 0.17487 , 0.685808 , 16.8374 , 11540.8 , 
43521 , 14.64 , 14.71 , 14.44 , 14.44 , 0.17143 , 0.682555 , -10.1757 , 11505.4 , 
43518 , 14.04 , 14.42 , 14.04 , 14.22 , 0.17295 , 0.674691 , 7.92423 , 11457.7 , 
43517 , 14.31 , 14.31 , 13.91 , 13.91 , 0.171271 , 0.67042 , -38.1525 , 11423.3 , 
43516 , 13.42 , 14.19 , 13.41 , 14.15 , 0.178446 , 0.664109 , 9.58265 , 11402 , 
43515 , 13.14 , 13.45 , 13.06 , 13.45 , 0.176565 , 0.651331 , 8.48924 , 11309.2 , 
43514 , 13.16 , 13.3 , 13.01 , 13.3 , 0.174788 , 0.650437 , 2.39025 , 11299.2 , 
43511 , 11.52 , 13.28 , 11.52 , 13.28 , 0.173846 , 0.650757 , -4.86048 , 11299.8 , 
43510 , 12.47 , 12.6 , 11.86 , 12.03 , 0.175243 , 0.618355 , 0.805475 , 11089.8 , 
43509 , 12.43 , 12.55 , 12.09 , 12.51 , 0.175016 , 0.630321 , 14.3046 , 11167.2 , 
43508 , 11.99 , 12.14 , 11.99 , 12.11 , 0.172195 , 0.624592 , 18.2852 , 11126.1 , 
43507 , 11.02 , 11.46 , 11.02 , 11.25 , 0.168802 , 0.60736 , -38.5525 , 11014.6 , 
43504 , 11.38 , 11.5 , 10.61 , 11 , 0.17568 , 0.589489 , 11.0593 , 10906.8 , 
43503 , 12.84 , 12.86 , 11.44 , 11.59 , 0.173663 , 0.607946 , 34.6518 , 11022 , 
43502 , 13.34 , 13.34 , 13.15 , 13.23 , 0.168392 , 0.656266 , -9.36011 , 11324.7 , 
43501 , 12.33 , 13.62 , 12.33 , 13.61 , 0.170028 , 0.66203 , -5.06408 , 11368 , 
43500 , 12.52 , 12.52 , 11.92 , 12.45 , 0.171354 , 0.632517 , -1.41672 , 11176.6 , 
43497 , 12.52 , 12.7 , 12.35 , 12.49 , 0.17115 , 0.633143 , -15.7727 , 11180.7 , 
43496 , 12.98 , 13.44 , 11.93 , 12.6 , 0.173926 , 0.631256 , -29.5959 , 11173.1 , 
43495 , 12.86 , 12.99 , 12.64 , 12.95 , 0.179258 , 0.631273 , 21.7068 , 11181.7 , 
43494 , 12.94 , 13.13 , 12.73 , 12.97 , 0.175093 , 0.637796 , -23.4141 , 11218.8 , 
43493 , 13.28 , 13.28 , 12.77 , 13.15 , 0.179279 , 0.635432 , 34.3087 , 11210.3 , 
43490 , 13.05 , 13.66 , 13.05 , 13.27 , 0.172519 , 0.647852 , -26.5903 , 11281.8 , 
43489 , 12.13 , 12.6 , 12.13 , 12.59 , 0.177614 , 0.623904 , 7.91847 , 11130.2 , 
43488 , 12.01 , 12.52 , 12 , 12.15 , 0.176047 , 0.61531 , 39.5033 , 11071.5 , 
43487 , 12.18 , 12.51 , 11.81 , 11.87 , 0.16864 , 0.619448 , -48.2022 , 11090.1 , 
43486 , 12.8 , 12.8 , 12.56 , 12.64 , 0.177368 , 0.62482 , -13.0007 , 11136.2 , 
43483 , 11.67 , 13.21 , 11.67 , 13.21 , 0.179343 , 0.634546 , 1.22101 , 11205.5 , 
43482 , 11.11 , 11.5 , 11 , 11.5 , 0.180094 , 0.59173 , 2.49227 , 10918.6 , 
43481 , 11.78 , 11.78 , 11.33 , 11.55 , 0.179484 , 0.593678 , -23.1875 , 10931.2 , 
43480 , 11.91 , 11.91 , 11.17 , 11.55 , 0.18357 , 0.587767 , -14.9019 , 10891.8 , 
43479 , 11.13 , 11.49 , 11.12 , 11.49 , 0.186139 , 0.582553 , 8.52701 , 10855.9 , 
43476 , 11.83 , 11.83 , 11.28 , 11.59 , 0.18412 , 0.587232 , -11.7825 , 10887.5 , 
43475 , 11.1 , 11.91 , 10.96 , 11.91 , 0.186114 , 0.592368 , 30.3764 , 10921.6 , 
43474 , 11.59 , 11.79 , 11.31 , 11.44 , 0.180457 , 0.58804 , -28.3633 , 10893.3 , 
43473 , 10.62 , 11.44 , 10.62 , 11.21 , 0.185547 , 0.574919 , 18.2096 , 10804 , 
43472 , 11.15 , 11.15 , 10.32 , 10.71 , 0.182131 , 0.565958 , -21.6755 , 10747.8 , 
43469 , 9.67 , 11.04 , 9.54 , 11.04 , 0.185592 , 0.569618 , -5.34826 , 10767.7 , 
43468 , 9.49 , 9.78 , 9.18 , 9.28 , 0.188108 , 0.516617 , 0.617822 , 10416.7 , 
43467 , 9.67 , 10.31 , 9.25 , 10.16 , 0.188212 , 0.541905 , -3.44196 , 10580.2 , 
43462 , 9.54 , 10.22 , 9.54 , 10.08 , 0.188047 , 0.53894 , -44.4752 , 10559 , 
43461 , 10.27 , 10.45 , 8.85 , 9.61 , 0.196382 , 0.515498 , 117.097 , 10381.5 , 
43455 , 10.06 , 10.43 , 9.74 , 9.82 , 0.174941 , 0.547328 , -18.3734 , 10633.8 , 
43454 , 10.37 , 10.56 , 9.66 , 9.88 , 0.178101 , 0.544586 , 44.0943 , 10611.1 , 
43453 , 10.98 , 11.38 , 10.32 , 10.32 , 0.170385 , 0.567946 , -90.342 , 10766.2 , 
43452 , 10.66 , 11.38 , 10.66 , 11.08 , 0.186377 , 0.566422 , 73.8254 , 10740.9 , 
43451 , 11.51 , 11.51 , 10.52 , 10.52 , 0.173058 , 0.569312 , -24.3251 , 10772.2 , 
43448 , 11.29 , 11.66 , 10.75 , 11.31 , 0.177071 , 0.584325 , -8.03698 , 10865.8 , 
43447 , 11.94 , 12.07 , 11.55 , 11.74 , 0.178398 , 0.59329 , -4.19067 , 10924.7 , 
43446 , 11.36 , 11.92 , 11.12 , 11.81 , 0.178993 , 0.594015 , -34.2391 , 10929.4 , 
43445 , 11.3 , 11.3 , 11.3 , 11.3 , 0.185199 , 0.572383 , 
10750
43535 , 14.19 , 14.8 , 14.04 , 14.8 , 0.181574 , 0.676114 , 16.0141 , 11543.5 , 
43532 , 13.75 , 14.1 , 13.66 , 14.07 , 0.178029 , 0.665408 , 28.5738 , 11457.8 , 
43531 , 14.44 , 14.7 , 14.04 , 14.19 , 0.172376 , 0.676682 , -2.05911 , 11517.8 , 
43530 , 14.86 , 14.9 , 14.66 , 14.69 , 0.172678 , 0.686536 , -13.1609 , 11587.6 , 
43529 , 14.71 , 15.05 , 14.7 , 15.05 , 0.175103 , 0.689788 , 15.6928 , 11620.7 , 
43528 , 15.25 , 15.25 , 14.49 , 14.7 , 0.171863 , 0.687578 , -35.8205 , 11592.7 , 
43525 , 14.87 , 15.36 , 14.87 , 15.12 , 0.178353 , 0.685129 , 15.9594 , 11601.7 , 
43524 , 13.7 , 14.46 , 13.7 , 14.38 , 0.175176 , 0.674577 , -8.96012 , 11515.6 , 
43523 , 14.23 , 14.35 , 13.97 , 14.28 , 0.17675 , 0.669744 , 13.2781 , 11487.3 , 
43522 , 13.87 , 14.59 , 13.87 , 14.51 , 0.174065 , 0.678604 , 17.0983 , 11540.8 , 
43521 , 14.3 , 14.37 , 14.1 , 14.1 , 0.170607 , 0.675181 , -9.8244 , 11505.4 , 
43518 , 13.71 , 14.09 , 13.71 , 13.88 , 0.172044 , 0.667326 , 8.18147 , 11457.7 , 
43517 , 13.98 , 13.98 , 13.57 , 13.57 , 0.170331 , 0.662947 , -38.9968 , 11423.3 , 
43516 , 13.1 , 13.86 , 13.09 , 13.82 , 0.177605 , 0.656803 , 9.28395 , 11402 , 
43515 , 12.82 , 13.13 , 12.75 , 13.13 , 0.175797 , 0.643771 , 8.56579 , 11309.2 , 
43514 , 12.84 , 12.98 , 12.69 , 12.98 , 0.174019 , 0.642799 , 2.38556 , 11299.2 , 
43511 , 11.22 , 12.96 , 11.22 , 12.96 , 0.173084 , 0.6431 , -4.19287 , 11299.8 , 
43510 , 12.16 , 12.29 , 11.56 , 11.72 , 0.174352 , 0.610414 , 0.199354 , 11089.8 , 
43509 , 12.12 , 12.24 , 11.78 , 12.2 , 0.17424 , 0.622491 , 14.6337 , 11167.2 , 
43508 , 11.69 , 11.83 , 11.69 , 11.8 , 0.171377 , 0.61659 , 17.2172 , 11126.1 , 
43507 , 10.73 , 11.16 , 10.73 , 10.96 , 0.168206 , 0.599001 , -37.6707 , 11014.6 , 
43504 , 11.09 , 11.2 , 10.32 , 10.71 , 0.174884 , 0.581309 , 11.1276 , 10906.8 , 
43503 , 12.53 , 12.55 , 11.15 , 11.29 , 0.172866 , 0.599862 , 34.2928 , 11022 , 
43502 , 13.01 , 13.01 , 12.83 , 12.91 , 0.167705 , 0.648472 , -9.69155 , 11324.7 , 
43501 , 12.02 , 13.3 , 12.02 , 13.29 , 0.16939 , 0.654368 , -4.54953 , 11368 , 
43500 , 12.21 , 12.21 , 11.62 , 12.14 , 0.170614 , 0.624604 , -1.44894 , 11176.6 , 
43497 , 12.21 , 12.39 , 12.04 , 12.18 , 0.170417 , 0.625246 , -15.7138 , 11180.7 , 
43496 , 12.67 , 13.12 , 11.63 , 12.29 , 0.173163 , 0.623473 , -29.6606 , 11173.1 , 
43495 , 12.55 , 12.67 , 12.35 , 12.64 , 0.178472 , 0.623722 , 21.4221 , 11181.7 , 
43494 , 12.63 , 12.82 , 12.42 , 12.66 , 0.174386 , 0.630134 , -23.3503 , 11218.8 , 
43493 , 12.96 , 12.96 , 12.46 , 12.84 , 0.178532 , 0.627932 , 34.765 , 11210.3 , 
43490 , 12.74 , 13.34 , 12.74 , 12.95 , 0.171734 , 0.640245 , -27.4262 , 11281.8 , 
43489 , 11.83 , 12.3 , 11.83 , 12.29 , 0.176949 , 0.616226 , 9.37555 , 11130.2 , 
43488 , 11.72 , 12.22 , 11.7 , 11.84 , 0.175125 , 0.607514 , 38.3529 , 11071.5 , 
43487 , 11.88 , 12.21 , 11.52 , 11.57 , 0.167971 , 0.611343 , -47.554 , 11090.1 , 
43486 , 12.49 , 12.49 , 12.26 , 12.33 , 0.176529 , 0.617186 , -12.5144 , 11136.2 , 
43483 , 11.38 , 12.89 , 11.38 , 12.89 , 0.178404 , 0.627137 , 0.467395 , 11205.5 , 
43482 , 10.83 , 11.21 , 10.72 , 11.21 , 0.179297 , 0.5839 , 1.3935 , 10918.6 , 
43481 , 11.49 , 11.49 , 11.05 , 11.27 , 0.17889 , 0.585853 , -22.8837 , 10931.2 , 
43480 , 11.63 , 11.63 , 10.89 , 11.27 , 0.182904 , 0.580067 , -15.6286 , 10891.8 , 
43479 , 10.86 , 11.22 , 10.84 , 11.22 , 0.185594 , 0.574935 , 10.2849 , 10855.9 , 
43476 , 11.54 , 11.54 , 11 , 11.3 , 0.183264 , 0.579558 , -13.0396 , 10887.5 , 
43475 , 10.78 , 11.63 , 10.64 , 11.63 , 0.185476 , 0.584836 , 34.598 , 10921.6 , 
43474 , 11.26 , 11.46 , 10.95 , 11.12 , 0.179083 , 0.580203 , -26.6635 , 10893.3 , 
43473 , 10.31 , 11.12 , 10.31 , 10.88 , 0.183847 , 0.567087 , 16.66 , 10804 , 
43472 , 10.73 , 10.83 , 10.01 , 10.4 , 0.180725 , 0.557941 , -20.8317 , 10747.8 , 
43469 , 9.38 , 10.72 , 9.25 , 10.72 , 0.184025 , 0.561766 , -5.43804 , 10767.7 , 
43468 , 9.2 , 9.48 , 8.89 , 8.99 , 0.186566 , 0.508327 , 0.306701 , 10416.7 , 
43467 , 9.38 , 10 , 9.01 , 9.86 , 0.186733 , 0.533887 , -11.2823 , 10580.2 , 
43462 , 9.25 , 9.94 , 9.25 , 9.86 , 0.187993 , 0.531422 , -22.8541 , 10559 , 
43461 , 9.97 , 10.05 , 8.7 , 9.19 , 0.192404 , 0.506362 , 102.975 , 10381.5 , 
43455 , 9.76 , 10.06 , 9.52 , 9.52 , 0.17358 , 0.538919 , -24.1925 , 10633.8 , 
43454 , 10.07 , 10.19 , 9.44 , 9.64 , 0.177777 , 0.536625 , 50.7908 , 10611.1 , 
43453 , 10.71 , 11.05 , 9.98 , 10 , 0.168881 , 0.559542 , -90.1452 , 10766.2 , 
43452 , 10.39 , 11.04 , 10.39 , 10.76 , 0.184785 , 0.558648 , 62.5774 , 10740.9 , 
43451 , 11.23 , 11.23 , 10.31 , 10.31 , 0.173509 , 0.561388 , -23.048 , 10772.2 , 
43448 , 11.01 , 11.2 , 10.48 , 11.08 , 0.177282 , 0.576599 , 2.50825 , 10865.8 , 
43447 , 11.65 , 11.69 , 11.3 , 11.4 , 0.176737 , 0.585573 , -9.22684 , 10924.7 , 
43446 , 11.08 , 11.61 , 10.87 , 11.52 , 0.178219 , 0.586373 , -6.98759 , 10929.4 , 
43445 , 10.26 , 11.02 , 10.14 , 10.75 , 0.179601 , 0.563979 , 
10800
43535 , 13.85 , 14.46 , 13.71 , 14.46 , 0.180649 , 0.669039 , 15.6461 , 11543.5 , 
43532 , 13.42 , 13.77 , 13.34 , 13.74 , 0.177206 , 0.658028 , 28.1234 , 11457.8 , 
43531 , 14.1 , 14.36 , 13.71 , 13.86 , 0.171689 , 0.66917 , -0.562314 , 11517.8 , 
43530 , 14.51 , 14.57 , 14.32 , 14.34 , 0.1717 , 0.679331 , -14.3982 , 11587.6 , 
43529 , 14.37 , 14.71 , 14.36 , 14.71 , 0.174341 , 0.682619 , 15.8983 , 11620.7 , 
43528 , 14.91 , 14.91 , 14.15 , 14.36 , 0.171092 , 0.680258 , -35.8841 , 11592.7 , 
43525 , 14.53 , 15.02 , 14.53 , 14.78 , 0.177531 , 0.678075 , 16.5855 , 11601.7 , 
43524 , 13.38 , 14.13 , 13.38 , 14.04 , 0.174264 , 0.667299 , -8.75475 , 11515.6 , 
43523 , 13.9 , 14.02 , 13.64 , 13.94 , 0.175784 , 0.662489 , 11.8845 , 11487.3 , 
43522 , 13.54 , 14.26 , 13.54 , 14.18 , 0.173389 , 0.671242 , 17.3651 , 11540.8 , 
43521 , 13.97 , 14.04 , 13.77 , 13.77 , 0.169911 , 0.667644 , -10.4618 , 11505.4 , 
43518 , 13.39 , 13.75 , 13.39 , 13.56 , 0.171455 , 0.659722 , 7.44948 , 11457.7 , 
43517 , 13.65 , 13.65 , 13.26 , 13.26 , 0.169896 , 0.655159 , -37.8383 , 11423.3 , 
43516 , 12.78 , 13.53 , 12.77 , 13.5 , 0.176889 , 0.649364 , 9.99152 , 11402 , 
43515 , 12.51 , 12.81 , 12.43 , 12.81 , 0.174964 , 0.636143 , 8.64294 , 11309.2 , 
43514 , 12.53 , 12.66 , 12.38 , 12.66 , 0.173184 , 0.635092 , 2.38093 , 11299.2 , 
43511 , 10.92 , 12.64 , 10.92 , 12.64 , 0.172256 , 0.635374 , -4.50441 , 11299.8 , 
43510 , 11.85 , 11.98 , 11.26 , 11.42 , 0.173579 , 0.602374 , 0.587545 , 11089.8 , 
43509 , 11.81 , 11.93 , 11.48 , 11.89 , 0.173397 , 0.614591 , 13.9672 , 11167.2 , 
43508 , 11.39 , 11.53 , 11.39 , 11.5 , 0.170676 , 0.608485 , 17.1561 , 11126.1 , 
43507 , 10.45 , 10.87 , 10.45 , 10.67 , 0.167536 , 0.59058 , -37.7823 , 11014.6 , 
43504 , 10.8 , 10.91 , 10.05 , 10.43 , 0.174203 , 0.573069 , 12.1872 , 10906.8 , 
43503 , 12.21 , 12.23 , 10.85 , 10.99 , 0.172001 , 0.591701 , 33.9138 , 11022 , 
43502 , 12.69 , 12.69 , 12.52 , 12.59 , 0.166951 , 0.640613 , -9.02269 , 11324.7 , 
43501 , 11.72 , 12.97 , 11.72 , 12.96 , 0.168499 , 0.646713 , -5.02144 , 11368 , 
43500 , 11.91 , 11.91 , 11.33 , 11.83 , 0.169807 , 0.616621 , -2.48161 , 11176.6 , 
43497 , 11.91 , 12.09 , 11.74 , 11.88 , 0.1698 , 0.617245 , -15.6542 , 11180.7 , 
43496 , 12.36 , 12.81 , 11.32 , 11.99 , 0.172517 , 0.615589 , -28.7258 , 11173.1 , 
43495 , 12.25 , 12.37 , 12.05 , 12.33 , 0.177622 , 0.616103 , 21.1349 , 11181.7 , 
43494 , 12.33 , 12.51 , 12.12 , 12.35 , 0.173614 , 0.622409 , -23.2858 , 11218.8 , 
43493 , 12.61 , 12.61 , 12.29 , 12.53 , 0.177721 , 0.620368 , 34.2127 , 11210.3 , 
43490 , 12.43 , 13.02 , 12.43 , 12.64 , 0.171069 , 0.632519 , -27.253 , 11281.8 , 
43489 , 11.54 , 12 , 11.53 , 11.99 , 0.176218 , 0.608488 , 8.83885 , 11130.2 , 
43488 , 11.43 , 11.92 , 11.4 , 11.55 , 0.174502 , 0.599613 , 38.2008 , 11071.5 , 
43487 , 11.59 , 11.91 , 11.23 , 11.28 , 0.167416 , 0.603152 , -46.9102 , 11090.1 , 
43486 , 12.19 , 12.19 , 11.96 , 12.03 , 0.175809 , 0.609457 , -12.0356 , 11136.2 , 
43483 , 11.1 , 12.58 , 11.1 , 12.58 , 0.177586 , 0.619621 , -0.270486 , 11205.5 , 
43482 , 10.55 , 10.93 , 10.45 , 10.93 , 0.178618 , 0.576016 , 2.29402 , 10918.6 , 
43481 , 11.21 , 11.21 , 10.77 , 10.98 , 0.178049 , 0.577962 , -24.5786 , 10931.2 , 
43480 , 11.35 , 11.35 , 10.62 , 11 , 0.182353 , 0.57233 , -14.3525 , 10891.8 , 
43479 , 10.59 , 10.94 , 10.58 , 10.94 , 0.184803 , 0.567242 , 12.0398 , 10855.9 , 
43476 , 11.26 , 11.26 , 10.76 , 11 , 0.182165 , 0.57179 , -7.30319 , 10887.5 , 
43475 , 10.55 , 11.27 , 10.49 , 11.27 , 0.183338 , 0.577115 , 16.8151 , 10921.6 , 
43474 , 11.02 , 11.18 , 10.71 , 10.94 , 0.180168 , 0.572525 , -21.9853 , 10893.3 , 
43473 , 10.08 , 10.89 , 10.08 , 10.66 , 0.184072 , 0.559496 , 18.0977 , 10804 , 
43472 , 10.6 , 10.6 , 9.8 , 10.17 , 0.1807 , 0.550148 , -18.9847 , 10747.8 , 
43469 , 9.17 , 10.47 , 9.13 , 10.47 , 0.183657 , 0.554065 , -3.64925 , 10767.7 , 
43468 , 8.99 , 9.25 , 8.72 , 8.75 , 0.185879 , 0.500382 , -4.91176 , 10416.7 , 
43467 , 9.18 , 9.81 , 8.81 , 9.66 , 0.187005 , 0.526436 , -10.1241 , 10580.2 , 
43462 , 9.05 , 9.73 , 9.05 , 9.65 , 0.188052 , 0.523968 , -22.5556 , 10559 , 
43461 , 9.76 , 9.84 , 8.52 , 8.99 , 0.192405 , 0.499045 , 101.962 , 10381.5 , 
43455 , 9.55 , 9.85 , 9.31 , 9.31 , 0.173764 , 0.530941 , -25.0167 , 10633.8 , 
43454 , 9.86 , 9.98 , 9.23 , 9.44 , 0.1781 , 0.528893 , 50.5313 , 10611.1 , 
43453 , 10.45 , 10.83 , 9.77 , 9.79 , 0.169265 , 0.551422 , -83.9506 , 10766.2 , 
43452 , 10.13 , 10.76 , 10.13 , 10.49 , 0.184024 , 0.550965 , 61.3244 , 10740.9 , 
43451 , 10.96 , 10.96 , 10.05 , 10.05 , 0.173001 , 0.55331 , -22.7786 , 10772.2 , 
43448 , 10.74 , 10.93 , 10.22 , 10.81 , 0.176716 , 0.568791 , 4.04958 , 10865.8 , 
43447 , 11.36 , 11.44 , 11.01 , 11.11 , 0.175903 , 0.577789 , -9.26321 , 10924.7 , 
43446 , 10.8 , 11.32 , 10.6 , 11.23 , 0.177386 , 0.578663 , -7.82585 , 10929.4 , 
43445 , 10 , 10.74 , 9.88 , 10.48 , 0.178911 , 0.556177 , 
10850
43535 , 13.52 , 14.12 , 13.38 , 14.12 , 0.179663 , 0.66189 , 15.284 , 11543.5 , 
43532 , 13.1 , 13.44 , 13.01 , 13.41 , 0.176319 , 0.65058 , 27.6692 , 11457.8 , 
43531 , 13.76 , 14.03 , 13.38 , 13.53 , 0.170934 , 0.661595 , -1.0845 , 11517.8 , 
43530 , 14.17 , 14.23 , 13.98 , 14.01 , 0.171045 , 0.671853 , -13.6377 , 11587.6 , 
43529 , 14.03 , 14.37 , 14.02 , 14.37 , 0.173515 , 0.675385 , 16.1057 , 11620.7 , 
43528 , 14.57 , 14.57 , 13.81 , 14.02 , 0.170256 , 0.672871 , -35.9482 , 11592.7 , 
43525 , 14.19 , 14.67 , 14.19 , 14.44 , 0.176647 , 0.670955 , 16.225 , 11601.7 , 
43524 , 13.06 , 13.8 , 13.06 , 13.71 , 0.173479 , 0.659867 , -8.54507 , 11515.6 , 
43523 , 13.57 , 13.69 , 13.32 , 13.61 , 0.174946 , 0.655083 , 12.4922 , 11487.3 , 
43522 , 13.22 , 13.93 , 13.22 , 13.84 , 0.172457 , 0.663904 , 15.6371 , 11540.8 , 
43521 , 13.64 , 13.71 , 13.45 , 13.45 , 0.169338 , 0.659962 , -9.1 , 11505.4 , 
43518 , 13.07 , 13.43 , 13.07 , 13.23 , 0.170609 , 0.652136 , 6.71662 , 11457.7 , 
43517 , 13.32 , 13.32 , 12.94 , 12.94 , 0.169201 , 0.647398 , -37.6785 , 11423.3 , 
43516 , 12.47 , 13.2 , 12.46 , 13.18 , 0.176109 , 0.641863 , 9.71009 , 11402 , 
43515 , 12.19 , 12.5 , 12.12 , 12.5 , 0.174251 , 0.628397 , 8.72119 , 11309.2 , 
43514 , 12.21 , 12.35 , 12.07 , 12.35 , 0.172469 , 0.627265 , 3.37637 , 11299.2 , 
43511 , 10.63 , 12.32 , 10.63 , 12.32 , 0.171362 , 0.627573 , -4.80065 , 11299.8 , 
43510 , 11.55 , 11.67 , 10.96 , 11.12 , 0.172737 , 0.594261 , 0.969781 , 11089.8 , 
43509 , 11.5 , 11.62 , 11.18 , 11.58 , 0.172487 , 0.606612 , 13.3034 , 11167.2 , 
43508 , 11.09 , 11.23 , 11.09 , 11.2 , 0.169904 , 0.600311 , 17.1027 , 11126.1 , 
43507 , 10.16 , 10.58 , 10.16 , 10.38 , 0.166795 , 0.582089 , -37.8867 , 11014.6 , 
43504 , 10.51 , 10.62 , 9.77 , 10.15 , 0.173451 , 0.564762 , 12.2373 , 10906.8 , 
43503 , 11.91 , 11.93 , 10.57 , 10.7 , 0.171249 , 0.583459 , 33.4967 , 11022 , 
43502 , 12.38 , 12.38 , 12.2 , 12.28 , 0.166314 , 0.632628 , -8.36001 , 11324.7 , 
43501 , 11.42 , 12.66 , 11.42 , 12.64 , 0.167728 , 0.638918 , -5.47372 , 11368 , 
43500 , 11.61 , 11.61 , 11.03 , 11.53 , 0.169115 , 0.608535 , -2.5145 , 11176.6 , 
43497 , 11.61 , 11.79 , 11.44 , 11.58 , 0.169113 , 0.609185 , -15.5941 , 11180.7 , 
43496 , 12.05 , 12.5 , 11.03 , 11.69 , 0.171804 , 0.607644 , -27.7918 , 11173.1 , 
43495 , 11.95 , 12.06 , 11.75 , 12.02 , 0.176709 , 0.608411 , 19.8441 , 11181.7 , 
43494 , 12.02 , 12.2 , 11.82 , 12.05 , 0.17296 , 0.614586 , -22.2208 , 11218.8 , 
43493 , 12.3 , 12.3 , 11.99 , 12.22 , 0.176847 , 0.612734 , 32.6532 , 11210.3 , 
43490 , 12.13 , 12.71 , 12.13 , 12.34 , 0.170519 , 0.624691 , -26.0699 , 11281.8 , 
43489 , 11.25 , 11.7 , 11.24 , 11.69 , 0.175422 , 0.600684 , 8.30559 , 11130.2 , 
43488 , 11.14 , 11.63 , 11.12 , 11.26 , 0.173813 , 0.591653 , 37.0474 , 11071.5 , 
43487 , 11.3 , 11.61 , 10.95 , 11 , 0.16697 , 0.594893 , -45.2694 , 11090.1 , 
43486 , 11.89 , 11.89 , 11.66 , 11.73 , 0.175023 , 0.601664 , -12.5631 , 11136.2 , 
43483 , 10.82 , 12.28 , 10.82 , 12.28 , 0.176887 , 0.612013 , 0.00948267 , 11205.5 , 
43482 , 10.28 , 10.65 , 10.18 , 10.65 , 0.177872 , 0.56807 , 1.19388 , 10918.6 , 
43481 , 10.94 , 10.94 , 10.5 , 10.71 , 0.177503 , 0.570036 , -23.2703 , 10931.2 , 
43480 , 11.07 , 11.07 , 10.35 , 10.72 , 0.181555 , 0.564515 , -16.0766 , 10891.8 , 
43479 , 10.33 , 10.68 , 10.31 , 10.68 , 0.184308 , 0.559551 , 13.7937 , 10855.9 , 
43476 , 10.98 , 10.98 , 10.49 , 10.72 , 0.181364 , 0.563987 , -7.56596 , 10887.5 , 
43475 , 10.28 , 10.99 , 10.22 , 10.99 , 0.18258 , 0.569413 , 17.0373 , 10921.6 , 
43474 , 10.75 , 10.9 , 10.44 , 10.66 , 0.179382 , 0.56466 , -21.2859 , 10893.3 , 
43473 , 9.82 , 10.62 , 9.82 , 10.38 , 0.183148 , 0.551667 , 17.5472 , 10804 , 
43472 , 10.33 , 10.33 , 9.54 , 9.9 , 0.179885 , 0.542146 , -20.1395 , 10747.8 , 
43469 , 8.93 , 10.21 , 8.89 , 10.21 , 0.183045 , 0.546283 , -2.83908 , 10767.7 , 
43468 , 8.76 , 9.01 , 8.49 , 8.51 , 0.185124 , 0.492377 , -5.18943 , 10416.7 , 
43467 , 8.94 , 9.56 , 8.57 , 9.41 , 0.186304 , 0.518623 , -9.95916 , 10580.2 , 
43462 , 8.81 , 9.48 , 8.81 , 9.4 , 0.187322 , 0.516201 , -23.2011 , 10559 , 
43461 , 9.51 , 9.59 , 8.29 , 8.76 , 0.191789 , 0.491412 , 100.899 , 10381.5 , 
43455 , 9.3 , 9.6 , 9.07 , 9.07 , 0.173341 , 0.522765 , -24.8351 , 10633.8 , 
43454 , 9.6 , 9.72 , 8.99 , 9.2 , 0.177639 , 0.520894 , 50.2474 , 10611.1 , 
43453 , 10.18 , 10.56 , 9.52 , 9.54 , 0.168866 , 0.543145 , -82.7557 , 10766.2 , 
43452 , 9.87 , 10.5 , 9.87 , 10.23 , 0.183378 , 0.543269 , 61.0699 , 10740.9 , 
43451 , 10.69 , 10.69 , 9.79 , 9.79 , 0.172426 , 0.545182 , -22.514 , 10772.2 , 
43448 , 10.47 , 10.65 , 9.96 , 10.54 , 0.176086 , 0.560931 , 3.58898 , 10865.8 , 
43447 , 11.08 , 11.16 , 10.74 , 10.84 , 0.175357 , 0.569975 , -8.29989 , 10924.7 , 
43446 , 10.53 , 11.04 , 10.33 , 10.95 , 0.176665 , 0.570902 , -9.66834 , 10929.4 , 
43445 , 9.74 , 10.48 , 9.61 , 10.23 , 0.178509 , 0.548405 , 
10900
43535 , 13.19 , 13.78 , 13.05 , 13.78 , 0.178617 , 0.654663 , 14.9284 , 11543.5 , 
43532 , 12.78 , 13.11 , 12.68 , 13.08 , 0.175369 , 0.643055 , 27.2109 , 11457.8 , 
43531 , 13.43 , 13.69 , 13.05 , 13.2 , 0.170112 , 0.653952 , -0.604715 , 11517.8 , 
43530 , 13.84 , 13.88 , 13.65 , 13.67 , 0.170131 , 0.664403 , -13.8795 , 11587.6 , 
43529 , 13.7 , 14.03 , 13.69 , 14.03 , 0.172626 , 0.668082 , 15.3178 , 11620.7 , 
43528 , 14.23 , 14.23 , 13.48 , 13.69 , 0.169547 , 0.665321 , -36.0139 , 11592.7 , 
43525 , 13.86 , 14.34 , 13.86 , 14.11 , 0.175892 , 0.663683 , 16.8704 , 11601.7 , 
43524 , 12.74 , 13.47 , 12.74 , 13.38 , 0.17263 , 0.652365 , -9.33154 , 11515.6 , 
43523 , 13.25 , 13.36 , 13 , 13.29 , 0.174233 , 0.647539 , 12.0875 , 11487.3 , 
43522 , 12.9 , 13.58 , 12.9 , 13.52 , 0.171839 , 0.656334 , 16.9084 , 11540.8 , 
43521 , 13.31 , 13.38 , 13.12 , 13.12 , 0.168507 , 0.652299 , -9.73152 , 11505.4 , 
43518 , 12.75 , 13.1 , 12.75 , 12.91 , 0.169885 , 0.644409 , 6.98604 , 11457.7 , 
43517 , 13 , 13 , 12.62 , 12.62 , 0.168438 , 0.63957 , -37.5171 , 11423.3 , 
43516 , 12.15 , 12.88 , 12.15 , 12.86 , 0.175264 , 0.634294 , 9.4346 , 11402 , 
43515 , 11.89 , 12.19 , 11.81 , 12.19 , 0.173472 , 0.620586 , 8.8002 , 11309.2 , 
43514 , 11.9 , 12.04 , 11.77 , 12.04 , 0.171687 , 0.619371 , 3.37152 , 11299.2 , 
43511 , 10.34 , 12.01 , 10.34 , 12.01 , 0.170587 , 0.619652 , -4.07987 , 11299.8 , 
43510 , 11.24 , 11.37 , 10.65 , 10.82 , 0.171828 , 0.586068 , 0.344351 , 11089.8 , 
43509 , 11.2 , 11.32 , 10.89 , 11.28 , 0.171694 , 0.598535 , 12.6431 , 11167.2 , 
43508 , 10.79 , 10.94 , 10.79 , 10.91 , 0.169247 , 0.592053 , 17.0569 , 11126.1 , 
43507 , 9.88 , 10.3 , 9.88 , 10.1 , 0.166162 , 0.573531 , -36.9832 , 11014.6 , 
43504 , 10.23 , 10.34 , 9.5 , 9.87 , 0.172628 , 0.556381 , 12.279 , 10906.8 , 
43503 , 11.6 , 11.62 , 10.29 , 10.41 , 0.170427 , 0.575143 , 33.0604 , 11022 , 
43502 , 12.07 , 12.07 , 11.9 , 11.97 , 0.165608 , 0.62458 , -8.70252 , 11324.7 , 
43501 , 11.12 , 12.34 , 11.12 , 12.33 , 0.167075 , 0.630998 , -4.91302 , 11368 , 
43500 , 11.31 , 11.31 , 10.73 , 11.23 , 0.168355 , 0.60038 , -2.54766 , 11176.6 , 
43497 , 11.32 , 11.49 , 11.14 , 11.28 , 0.168359 , 0.601056 , -15.5336 , 11180.7 , 
43496 , 11.75 , 12.19 , 10.76 , 11.39 , 0.171023 , 0.599631 , -28.8583 , 11173.1 , 
43495 , 11.65 , 11.77 , 11.45 , 11.73 , 0.176095 , 0.600614 , 20.551 , 11181.7 , 
43494 , 11.73 , 11.9 , 11.52 , 11.75 , 0.172238 , 0.606701 , -23.1549 , 11218.8 , 
43493 , 12.04 , 12.04 , 11.56 , 11.93 , 0.176273 , 0.604991 , 33.0899 , 11210.3 , 
43490 , 11.82 , 12.41 , 11.82 , 12.04 , 0.169901 , 0.61681 , -25.8753 , 11281.8 , 
43489 , 10.97 , 11.4 , 10.96 , 11.4 , 0.174742 , 0.592805 , 7.77596 , 11130.2 , 
43488 , 10.85 , 11.34 , 10.85 , 10.98 , 0.173235 , 0.583633 , 36.893 , 11071.5 , 
43487 , 11.01 , 11.32 , 10.67 , 10.72 , 0.166453 , 0.586587 , -44.632 , 11090.1 , 
43486 , 11.6 , 11.6 , 11.37 , 11.44 , 0.174354 , 0.593794 , -12.0949 , 11136.2 , 
43483 , 10.54 , 11.98 , 10.54 , 11.98 , 0.176124 , 0.604343 , 0.308925 , 11205.5 , 
43482 , 10.02 , 10.37 , 9.91 , 10.37 , 0.177059 , 0.560055 , 0.0932934 , 10918.6 , 
43481 , 10.66 , 10.66 , 10.23 , 10.44 , 0.17689 , 0.56206 , -22.9606 , 10931.2 , 
43480 , 10.8 , 10.8 , 10.09 , 10.45 , 0.180873 , 0.556667 , -14.7961 , 10891.8 , 
43479 , 10.06 , 10.4 , 10.05 , 10.4 , 0.183388 , 0.551733 , 11.5475 , 10855.9 , 
43476 , 10.71 , 10.71 , 10.22 , 10.46 , 0.180856 , 0.556187 , -6.83004 , 10887.5 , 
43475 , 10.01 , 10.72 , 9.96 , 10.72 , 0.181937 , 0.561677 , 17.2607 , 10921.6 , 
43474 , 10.47 , 10.63 , 10.17 , 10.39 , 0.17871 , 0.556759 , -21.5881 , 10893.3 , 
43473 , 9.56 , 10.34 , 9.56 , 10.12 , 0.182519 , 0.543858 , 17.9975 , 10804 , 
43472 , 10.06 , 10.06 , 9.29 , 9.64 , 0.179184 , 0.534129 , -19.2962 , 10747.8 , 
43469 , 8.69 , 9.94 , 8.65 , 9.94 , 0.182188 , 0.538393 , -4.04464 , 10767.7 , 
43468 , 8.52 , 8.77 , 8.25 , 8.28 , 0.184485 , 0.484416 , -4.4771 , 10416.7 , 
43467 , 8.7 , 9.3 , 8.34 , 9.16 , 0.185536 , 0.510749 , -9.79293 , 10580.2 , 
43462 , 8.58 , 9.23 , 8.58 , 9.15 , 0.186527 , 0.508371 , -21.7979 , 10559 , 
43461 , 9.26 , 9.32 , 8.06 , 8.51 , 0.190741 , 0.483504 , 97.8255 , 10381.5 , 
43455 , 9.06 , 9.35 , 8.83 , 8.83 , 0.172848 , 0.514547 , -23.6505 , 10633.8 , 
43454 , 9.36 , 9.47 , 8.75 , 8.95 , 0.176931 , 0.51277 , 48.957 , 10611.1 , 
43453 , 9.93 , 10.29 , 9.27 , 9.29 , 0.168398 , 0.534826 , -81.5595 , 10766.2 , 
43452 , 9.62 , 10.23 , 9.62 , 9.97 , 0.182668 , 0.535517 , 59.8154 , 10740.9 , 
43451 , 10.42 , 10.42 , 9.54 , 9.54 , 0.171959 , 0.537053 , -21.2549 , 10772.2 , 
43448 , 10.21 , 10.39 , 9.7 , 10.27 , 0.175391 , 0.553014 , 2.12733 , 10865.8 , 
43447 , 10.81 , 10.85 , 10.47 , 10.58 , 0.174921 , 0.56214 , -7.33684 , 10924.7 , 
43446 , 10.26 , 10.76 , 10.06 , 10.68 , 0.176057 , 0.563105 , -9.49743 , 10929.4 , 
43445 , 9.48 , 10.22 , 9.36 , 9.97 , 0.177866 , 0.540542 , 
11100
43535 , 11.92 , 12.48 , 11.79 , 12.48 , 0.174946 , 0.624596 , 13.5975 , 11543.5 , 
43532 , 11.53 , 11.85 , 11.44 , 11.82 , 0.172039 , 0.611888 , 26.3151 , 11457.8 , 
43531 , 12.15 , 12.39 , 11.79 , 11.93 , 0.16709 , 0.622335 , 0.229546 , 11517.8 , 
43530 , 12.53 , 12.61 , 12.35 , 12.37 , 0.166957 , 0.633388 , -12.8819 , 11587.6 , 
43529 , 12.41 , 12.71 , 12.4 , 12.71 , 0.16919 , 0.63781 , 14.189 , 11620.7 , 
43528 , 12.93 , 12.93 , 12.2 , 12.39 , 0.166417 , 0.634291 , -36.2835 , 11592.7 , 
43525 , 12.56 , 13.02 , 12.56 , 12.81 , 0.172612 , 0.633796 , 16.5397 , 11601.7 , 
43524 , 11.51 , 12.19 , 11.51 , 12.11 , 0.169515 , 0.621343 , -9.45569 , 11515.6 , 
43523 , 11.99 , 12.1 , 11.75 , 12.03 , 0.171094 , 0.6166 , 12.4352 , 11487.3 , 
43522 , 11.66 , 12.31 , 11.66 , 12.24 , 0.168703 , 0.625424 , 15.0336 , 11540.8 , 
43521 , 12.04 , 12.11 , 11.87 , 11.87 , 0.165813 , 0.620513 , -8.21736 , 11505.4 , 
43518 , 11.52 , 11.85 , 11.52 , 11.66 , 0.166873 , 0.612659 , 6.09589 , 11457.7 , 
43517 , 11.76 , 11.76 , 11.39 , 11.39 , 0.165627 , 0.607324 , -34.8535 , 11423.3 , 
43516 , 10.95 , 11.64 , 10.94 , 11.61 , 0.171794 , 0.603157 , 8.40685 , 11402 , 
43515 , 10.7 , 10.98 , 10.62 , 10.98 , 0.170238 , 0.588544 , 8.12445 , 11309.2 , 
43514 , 10.71 , 10.84 , 10.58 , 10.84 , 0.168613 , 0.586976 , 3.35203 , 11299.2 , 
43511 , 9.24 , 10.81 , 9.24 , 10.81 , 0.167541 , 0.587146 , -4.04582 , 11299.8 , 
43510 , 10.08 , 10.2 , 9.54 , 9.69 , 0.16877 , 0.552574 , 0.784024 , 11089.8 , 
43509 , 10.04 , 10.15 , 9.75 , 10.12 , 0.168564 , 0.565469 , 13.0314 , 11167.2 , 
43508 , 9.67 , 9.79 , 9.67 , 9.76 , 0.166091 , 0.558307 , 14.9423 , 11126.1 , 
43507 , 8.82 , 9.2 , 8.82 , 9.01 , 0.163444 , 0.538681 , -35.309 , 11014.6 , 
43504 , 9.14 , 9.24 , 8.45 , 8.8 , 0.169536 , 0.522301 , 10.3798 , 10906.8 , 
43503 , 10.43 , 10.45 , 9.19 , 9.32 , 0.167706 , 0.541307 , 34.0653 , 11022 , 
43502 , 10.87 , 10.87 , 10.7 , 10.77 , 0.162818 , 0.59156 , -9.10596 , 11324.7 , 
43501 , 9.97 , 11.13 , 9.97 , 11.12 , 0.164323 , 0.598556 , -4.52785 , 11368 , 
43500 , 10.16 , 10.16 , 9.62 , 10.08 , 0.165523 , 0.56702 , -3.68328 , 11176.6 , 
43497 , 10.18 , 10.34 , 10.01 , 10.14 , 0.16573 , 0.567822 , -15.2858 , 11180.7 , 
43496 , 10.59 , 11 , 9.67 , 10.25 , 0.168303 , 0.566875 , -27.1307 , 11173.1 , 
43495 , 10.5 , 10.6 , 10.31 , 10.57 , 0.17298 , 0.5688 , 18.3531 , 11181.7 , 
43494 , 10.57 , 10.74 , 10.38 , 10.6 , 0.169581 , 0.574475 , -21.8859 , 11218.8 , 
43493 , 10.87 , 10.87 , 10.42 , 10.77 , 0.173317 , 0.573432 , 32.7894 , 11210.3 , 
43490 , 10.67 , 11.22 , 10.67 , 10.86 , 0.167119 , 0.584625 , -26.0034 , 11281.8 , 
43489 , 9.87 , 10.28 , 9.86 , 10.27 , 0.171892 , 0.56067 , 5.68722 , 11130.2 , 
43488 , 9.76 , 10.22 , 9.75 , 9.89 , 0.170782 , 0.55104 , 36.2665 , 11071.5 , 
43487 , 9.91 , 10.2 , 9.59 , 9.63 , 0.164207 , 0.552844 , -42.1111 , 11090.1 , 
43486 , 10.46 , 10.46 , 10.24 , 10.31 , 0.171546 , 0.561706 , -9.27146 , 11136.2 , 
43483 , 9.47 , 10.8 , 9.47 , 10.8 , 0.172794 , 0.572954 , -2.36771 , 11205.5 , 
43482 , 9 , 9.31 , 8.9 , 9.31 , 0.174217 , 0.527561 , -0.315876 , 10918.6 , 
43481 , 9.62 , 9.62 , 9.21 , 9.38 , 0.174123 , 0.529638 , -24.7089 , 10931.2 , 
43480 , 9.75 , 9.75 , 9.08 , 9.42 , 0.178382 , 0.524937 , -14.6694 , 10891.8 , 
43479 , 9.06 , 9.38 , 9.05 , 9.38 , 0.180855 , 0.520329 , 11.5489 , 10855.9 , 
43476 , 9.66 , 9.66 , 9.2 , 9.43 , 0.178346 , 0.524534 , -5.901 , 10887.5 , 
43475 , 9 , 9.67 , 8.94 , 9.67 , 0.179255 , 0.530297 , 17.1655 , 10921.6 , 
43474 , 9.43 , 9.57 , 9.15 , 9.35 , 0.176076 , 0.524751 , -19.7496 , 10893.3 , 
43473 , 8.57 , 9.3 , 8.57 , 9.09 , 0.179531 , 0.512085 , 15.8132 , 10804 , 
43472 , 9.04 , 9.04 , 8.31 , 8.65 , 0.176607 , 0.501805 , -16.9298 , 10747.8 , 
43469 , 7.77 , 8.92 , 7.74 , 8.92 , 0.179182 , 0.506531 , -6.84716 , 10767.7 , 
43468 , 7.63 , 7.85 , 7.37 , 7.4 , 0.18199 , 0.452517 , -3.63287 , 10416.7 , 
43467 , 7.8 , 8.35 , 7.45 , 8.22 , 0.1829 , 0.479221 , -10.1298 , 10580.2 , 
43462 , 7.69 , 8.29 , 7.69 , 8.22 , 0.183966 , 0.477137 , -21.3244 , 10559 , 
43461 , 8.31 , 8.38 , 7.2 , 7.63 , 0.188106 , 0.452659 , 92.5318 , 10381.5 , 
43455 , 8.13 , 8.4 , 7.92 , 7.92 , 0.171081 , 0.481676 , -21.9162 , 10633.8 , 
43454 , 8.4 , 8.51 , 7.84 , 8.03 , 0.174857 , 0.480454 , 47.7648 , 10611.1 , 
43453 , 8.94 , 9.28 , 8.31 , 8.33 , 0.166534 , 0.501352 , -76.7662 , 10766.2 , 
43452 , 8.65 , 9.22 , 8.65 , 8.97 , 0.179902 , 0.504189 , 54.7916 , 10740.9 , 
43451 , 9.39 , 9.39 , 8.58 , 8.58 , 0.170118 , 0.504354 , -18.2448 , 10772.2 , 
43448 , 9.19 , 9.38 , 8.72 , 9.25 , 0.173015 , 0.52106 , 3.24877 , 10865.8 , 
43447 , 9.74 , 9.81 , 9.42 , 9.53 , 0.172355 , 0.530263 , -6.48666 , 10924.7 , 
43446 , 9.23 , 9.7 , 9.04 , 9.62 , 0.173335 , 0.531421 , -7.7297 , 10929.4 , 
43445 , 8.5 , 9.17 , 8.38 , 8.94 , 0.174829 , 0.508527 , 
11400
43535 , 10.14 , 10.65 , 10.02 , 10.65 , 0.169712 , 0.576755 , 12.8182 , 11543.5 , 
43532 , 9.77 , 10.07 , 9.71 , 10.04 , 0.167043 , 0.562604 , 24.3163 , 11457.8 , 
43531 , 10.34 , 10.56 , 10.01 , 10.14 , 0.162593 , 0.572321 , -0.214216 , 11517.8 , 
43530 , 10.7 , 10.73 , 10.53 , 10.55 , 0.16255 , 0.584072 , -11.4818 , 11587.6 , 
43529 , 10.58 , 10.86 , 10.58 , 10.86 , 0.164455 , 0.589488 , 11.5744 , 11620.7 , 
43528 , 11.08 , 11.08 , 10.39 , 10.58 , 0.16225 , 0.584953 , -33.7115 , 11592.7 , 
43525 , 10.74 , 11.17 , 10.74 , 10.97 , 0.167772 , 0.586337 , 13.7593 , 11601.7 , 
43524 , 9.79 , 10.4 , 9.79 , 10.34 , 0.16528 , 0.572299 , -8.07292 , 11515.6 , 
43523 , 10.22 , 10.33 , 10 , 10.26 , 0.166567 , 0.567755 , 11.8181 , 11487.3 , 
43522 , 9.92 , 10.5 , 9.92 , 10.45 , 0.164358 , 0.576469 , 13.8051 , 11540.8 , 
43521 , 10.27 , 10.33 , 10.11 , 10.11 , 0.161779 , 0.570472 , -7.83084 , 11505.4 , 
43518 , 9.8 , 10.09 , 9.8 , 9.92 , 0.16274 , 0.562615 , 3.83774 , 11457.7 , 
43517 , 10.01 , 10.01 , 9.69 , 9.69 , 0.161928 , 0.556722 , -30.8072 , 11423.3 , 
43516 , 9.27 , 9.91 , 9.27 , 9.88 , 0.167221 , 0.554052 , 8.06613 , 11402 , 
43515 , 9.04 , 9.3 , 8.99 , 9.3 , 0.16577 , 0.538314 , 7.6321 , 11309.2 , 
43514 , 9.04 , 9.17 , 8.93 , 9.17 , 0.164267 , 0.536267 , 3.32152 , 11299.2 , 
43511 , 7.72 , 9.14 , 7.72 , 9.14 , 0.163226 , 0.53626 , -3.13037 , 11299.8 , 
43510 , 8.47 , 8.57 , 7.98 , 8.12 , 0.164299 , 0.500598 , 0.79653 , 11089.8 , 
43509 , 8.43 , 8.53 , 8.17 , 8.51 , 0.164098 , 0.51397 , 12.1876 , 11167.2 , 
43508 , 8.1 , 8.21 , 8.1 , 8.18 , 0.16181 , 0.505895 , 12.9233 , 11126.1 , 
43507 , 7.35 , 7.69 , 7.35 , 7.51 , 0.15956 , 0.485035 , -32.6639 , 11014.6 , 
43504 , 7.64 , 7.73 , 7.03 , 7.33 , 0.165166 , 0.469939 , 8.37303 , 10906.8 , 
43503 , 8.8 , 8.81 , 7.68 , 7.81 , 0.163708 , 0.489183 , 33.4415 , 11022 , 
43502 , 9.19 , 9.19 , 9.05 , 9.11 , 0.159014 , 0.539945 , -7.30556 , 11324.7 , 
43501 , 8.38 , 9.43 , 8.38 , 9.42 , 0.160175 , 0.547713 , -3.58926 , 11368 , 
43500 , 8.57 , 8.57 , 8.07 , 8.47 , 0.161207 , 0.515094 , -5.89353 , 11176.6 , 
43497 , 8.6 , 8.74 , 8.44 , 8.55 , 0.161808 , 0.516279 , -14.9018 , 11180.7 , 
43496 , 8.98 , 9.35 , 8.14 , 8.66 , 0.16428 , 0.516075 , -25.5542 , 11173.1 , 
43495 , 8.9 , 8.99 , 8.73 , 8.96 , 0.168621 , 0.519337 , 16.4937 , 11181.7 , 
43494 , 8.97 , 9.12 , 8.8 , 8.99 , 0.165599 , 0.524448 , -20.4678 , 11218.8 , 
43493 , 9.24 , 9.24 , 8.84 , 9.15 , 0.169029 , 0.524357 , 29.2126 , 11210.3 , 
43490 , 9.06 , 9.56 , 9.06 , 9.24 , 0.163559 , 0.534589 , -23.4643 , 11281.8 , 
43489 , 8.35 , 8.71 , 8.34 , 8.7 , 0.167814 , 0.510943 , 3.62775 , 11130.2 , 
43488 , 8.25 , 8.66 , 8.24 , 8.37 , 0.167082 , 0.500894 , 32.3073 , 11071.5 , 
43487 , 8.38 , 8.65 , 8.09 , 8.14 , 0.161258 , 0.501195 , -37.3955 , 11090.1 , 
43486 , 8.87 , 8.87 , 8.67 , 8.75 , 0.167707 , 0.51214 , -7.65476 , 11136.2 , 
43483 , 8 , 9.19 , 8 , 9.19 , 0.168669 , 0.52416 , -4.12785 , 11205.5 , 
43482 , 7.59 , 7.86 , 7.5 , 7.86 , 0.170409 , 0.477931 , -0.940533 , 10918.6 , 
43481 , 8.17 , 8.17 , 7.79 , 7.93 , 0.17043 , 0.480141 , -24.7996 , 10931.2 , 
43480 , 8.29 , 8.29 , 7.69 , 7.99 , 0.174701 , 0.476541 , -14.9554 , 10891.8 , 
43479 , 7.68 , 7.97 , 7.67 , 7.97 , 0.177229 , 0.47256 , 11.0292 , 10855.9 , 
43476 , 8.21 , 8.21 , 7.8 , 8.01 , 0.17482 , 0.476367 , -4.53641 , 10887.5 , 
43475 , 7.6 , 8.22 , 7.55 , 8.22 , 0.175491 , 0.482381 , 17.5478 , 10921.6 , 
43474 , 7.98 , 8.12 , 7.73 , 7.91 , 0.172254 , 0.475858 , -18.4297 , 10893.3 , 
43473 , 7.21 , 7.86 , 7.21 , 7.68 , 0.175481 , 0.463732 , 14.5718 , 10804 , 
43472 , 7.63 , 7.63 , 6.98 , 7.28 , 0.172772 , 0.452693 , -15.8912 , 10747.8 , 
43469 , 6.53 , 7.53 , 6.49 , 7.53 , 0.175193 , 0.458172 , -9.13215 , 10767.7 , 
43468 , 6.41 , 6.6 , 6.17 , 6.2 , 0.178435 , 0.4049 , -2.39713 , 10416.7 , 
43467 , 6.56 , 7.05 , 6.25 , 6.93 , 0.179139 , 0.431742 , -9.12809 , 10580.2 , 
43462 , 6.47 , 7 , 6.47 , 6.93 , 0.180065 , 0.429953 , -21.1241 , 10559 , 
43461 , 7.02 , 7.09 , 6.05 , 6.42 , 0.18423 , 0.406447 , 84.1189 , 10381.5 , 
43455 , 6.86 , 7.1 , 6.67 , 6.67 , 0.168425 , 0.432479 , -19.8161 , 10633.8 , 
43454 , 7.1 , 7.2 , 6.6 , 6.77 , 0.171875 , 0.432033 , 43.011 , 10611.1 , 
43453 , 7.57 , 7.89 , 7.03 , 7.04 , 0.164298 , 0.451362 , -68.5679 , 10766.2 , 
43452 , 7.32 , 7.83 , 7.32 , 7.61 , 0.1763 , 0.456863 , 50.2463 , 10740.9 , 
43451 , 7.97 , 7.97 , 7.25 , 7.25 , 0.167259 , 0.455 , -15.7822 , 10772.2 , 
43448 , 7.78 , 7.95 , 7.37 , 7.85 , 0.169752 , 0.472567 , 4.38575 , 10865.8 , 
43447 , 8.27 , 8.33 , 7.99 , 8.09 , 0.168898 , 0.481681 , -5.71524 , 10924.7 , 
43446 , 7.81 , 8.24 , 7.64 , 8.17 , 0.169746 , 0.483087 , -6.507 , 10929.4 , 
43445 , 7.15 , 7.76 , 7.04 , 7.55 , 0.171037 , 0.460026 , 
12200
43535 , 6.15 , 6.53 , 6.06 , 6.53 , 0.157127 , 0.437828 , 8.91409 , 11543.5 , 
43532 , 5.89 , 6.1 , 5.84 , 6.08 , 0.155213 , 0.421365 , 18.7184 , 11457.8 , 
43531 , 6.3 , 6.46 , 6.06 , 6.15 , 0.151753 , 0.428927 , 0.832048 , 11517.8 , 
43530 , 6.56 , 6.59 , 6.43 , 6.45 , 0.15154 , 0.441529 , -9.13717 , 11587.6 , 
43529 , 6.49 , 6.69 , 6.49 , 6.69 , 0.153023 , 0.448889 , 8.57205 , 11620.7 , 
43528 , 6.92 , 6.92 , 6.36 , 6.48 , 0.151391 , 0.44259 , -31.9506 , 11592.7 , 
43525 , 6.64 , 6.98 , 6.64 , 6.84 , 0.156561 , 0.448959 , 12.8336 , 11601.7 , 
43524 , 5.98 , 6.39 , 5.98 , 6.34 , 0.154288 , 0.431967 , -9.13082 , 11515.6 , 
43523 , 6.27 , 6.36 , 6.13 , 6.31 , 0.155771 , 0.428507 , 10.3251 , 11487.3 , 
43522 , 6.06 , 6.48 , 6.06 , 6.44 , 0.153838 , 0.43631 , 8.82796 , 11540.8 , 
43521 , 6.3 , 6.36 , 6.2 , 6.2 , 0.152161 , 0.428585 , -6.08647 , 11505.4 , 
43518 , 5.98 , 6.19 , 5.98 , 6.06 , 0.152848 , 0.421193 , 0.716972 , 11457.7 , 
43517 , 6.12 , 6.12 , 5.91 , 5.91 , 0.152598 , 0.414964 , -21.8493 , 11423.3 , 
43516 , 5.59 , 6.05 , 5.59 , 6.04 , 0.156366 , 0.415255 , 6.07599 , 11402 , 
43515 , 5.4 , 5.61 , 5.38 , 5.61 , 0.15527 , 0.39806 , 8.04973 , 11309.2 , 
43514 , 5.39 , 5.49 , 5.33 , 5.49 , 0.153662 , 0.394645 , 3.23628 , 11299.2 , 
43511 , 4.47 , 5.46 , 4.47 , 5.46 , 0.152652 , 0.394105 , -3.38599 , 11299.8 , 
43510 , 4.99 , 5.06 , 4.65 , 4.74 , 0.153829 , 0.358964 , 1.81402 , 11089.8 , 
43509 , 4.95 , 5.02 , 4.78 , 5.01 , 0.153443 , 0.372132 , 8.06661 , 11167.2 , 
43508 , 4.73 , 4.8 , 4.73 , 4.78 , 0.151821 , 0.362993 , 5.84681 , 11126.1 , 
43507 , 4.24 , 4.47 , 4.24 , 4.34 , 0.150783 , 0.342211 , -24.6915 , 11014.6 , 
43504 , 4.45 , 4.51 , 4.04 , 4.23 , 0.155357 , 0.331061 , 7.21041 , 10906.8 , 
43503 , 5.25 , 5.26 , 4.48 , 4.56 , 0.154008 , 0.34893 , 29.1071 , 11022 , 
43502 , 5.52 , 5.52 , 5.42 , 5.47 , 0.149815 , 0.396786 , -3.46794 , 11324.7 , 
43501 , 4.95 , 5.69 , 4.95 , 5.68 , 0.150334 , 0.405265 , -4.40014 , 11368 , 
43500 , 5.13 , 5.13 , 4.74 , 5.01 , 0.151557 , 0.373041 , -8.46671 , 11176.6 , 
43497 , 5.18 , 5.27 , 5.04 , 5.11 , 0.152718 , 0.375798 , -13.8557 , 11180.7 , 
43496 , 5.47 , 5.73 , 4.87 , 5.22 , 0.155136 , 0.377721 , -19.7159 , 11173.1 , 
43495 , 5.42 , 5.48 , 5.3 , 5.45 , 0.158624 , 0.383628 , 10.4101 , 11181.7 , 
43494 , 5.49 , 5.57 , 5.36 , 5.49 , 0.156598 , 0.387681 , -15.319 , 11218.8 , 
43493 , 5.68 , 5.68 , 5.39 , 5.61 , 0.159241 , 0.389529 , 22.3843 , 11210.3 , 
43490 , 5.54 , 5.91 , 5.54 , 5.67 , 0.15484 , 0.397092 , -18.983 , 11281.8 , 
43489 , 5.07 , 5.33 , 5.05 , 5.29 , 0.158438 , 0.375851 , -0.476325 , 11130.2 , 
43488 , 5 , 5.29 , 5 , 5.08 , 0.15844 , 0.366242 , 22.7559 , 11071.5 , 
43487 , 5.09 , 5.27 , 4.89 , 4.92 , 0.154054 , 0.363803 , -24.6004 , 11090.1 , 
43486 , 5.43 , 5.43 , 5.29 , 5.34 , 0.158525 , 0.377515 , -3.95151 , 11136.2 , 
43483 , 4.84 , 5.65 , 4.84 , 5.65 , 0.158908 , 0.390086 , -9.45435 , 11205.5 , 
43482 , 4.6 , 4.75 , 4.5 , 4.75 , 0.161673 , 0.346628 , -4.58447 , 10918.6 , 
43481 , 5.05 , 5.05 , 4.76 , 4.84 , 0.162415 , 0.349881 , -21.777 , 10931.2 , 
43480 , 5.15 , 5.15 , 4.72 , 4.92 , 0.16644 , 0.349225 , -12.4443 , 10891.8 , 
43479 , 4.72 , 4.92 , 4.72 , 4.92 , 0.168695 , 0.346831 , 8.0342 , 10855.9 , 
43476 , 5.09 , 5.09 , 4.79 , 4.95 , 0.166733 , 0.349738 , -1.86334 , 10887.5 , 
43475 , 4.62 , 5.09 , 4.59 , 5.09 , 0.166964 , 0.355603 , 15.1815 , 10921.6 , 
43474 , 4.88 , 4.97 , 4.71 , 4.84 , 0.163961 , 0.347317 , -13.0965 , 10893.3 , 
43473 , 4.34 , 4.78 , 4.34 , 4.67 , 0.166435 , 0.336876 , 10.734 , 10804 , 
43472 , 4.62 , 4.62 , 4.17 , 4.38 , 0.164251 , 0.325186 , -10.4135 , 10747.8 , 
43469 , 3.92 , 4.55 , 3.89 , 4.55 , 0.165897 , 0.331297 , -15.2057 , 10767.7 , 
43468 , 3.86 , 3.98 , 3.69 , 3.7 , 0.170509 , 0.285462 , 0.706765 , 10416.7 , 
43467 , 3.97 , 4.28 , 3.74 , 4.2 , 0.170642 , 0.310076 , -8.57218 , 10580.2 , 
43462 , 3.93 , 4.27 , 3.93 , 4.22 , 0.171683 , 0.309564 , -18.4848 , 10559 , 
43461 , 4.29 , 4.36 , 3.64 , 3.89 , 0.175761 , 0.290136 , 61.8531 , 10381.5 , 
43455 , 4.18 , 4.34 , 4.05 , 4.05 , 0.162554 , 0.308561 , -14.0309 , 10633.8 , 
43454 , 4.34 , 4.41 , 4.01 , 4.12 , 0.165254 , 0.309448 , 32.2822 , 10611.1 , 
43453 , 4.67 , 4.89 , 4.28 , 4.3 , 0.158937 , 0.324171 , -47.4482 , 10766.2 , 
43452 , 4.49 , 4.84 , 4.49 , 4.69 , 0.167996 , 0.333654 , 35.2896 , 10740.9 , 
43451 , 4.92 , 4.92 , 4.44 , 4.44 , 0.161017 , 0.328629 , -6.67782 , 10772.2 , 
43448 , 4.79 , 4.9 , 4.5 , 4.83 , 0.162044 , 0.345435 , 3.85218 , 10865.8 , 
43447 , 5.1 , 5.19 , 4.9 , 5 , 0.161239 , 0.353843 , -0.322518 , 10924.7 , 
43446 , 4.77 , 5.07 , 4.66 , 5.02 , 0.161167 , 0.354685 , -6.65474 , 10929.4 , 
43445 , 4.3 , 4.74 , 4.23 , 4.59 , 0.162584 , 0.333432 , 
12550
43535 , 4.78 , 5.1 , 4.71 , 5.1 , 0.15231 , 0.375318 , 6.25152 , 11543.5 , 
43532 , 4.57 , 4.74 , 4.53 , 4.73 , 0.150844 , 0.359041 , 16.9097 , 11457.8 , 
43531 , 4.91 , 5.04 , 4.71 , 4.78 , 0.147571 , 0.365406 , 1.37401 , 11517.8 , 
43530 , 5.13 , 5.15 , 5.02 , 5.03 , 0.147257 , 0.377688 , -8.23501 , 11587.6 , 
43529 , 5.07 , 5.24 , 5.07 , 5.24 , 0.148641 , 0.385527 , 6.35471 , 11620.7 , 
43528 , 5.46 , 5.46 , 4.96 , 5.07 , 0.147363 , 0.379103 , -29.5064 , 11592.7 , 
43525 , 5.21 , 5.52 , 5.21 , 5.4 , 0.152304 , 0.387338 , 12.1889 , 11601.7 , 
43524 , 4.67 , 5.01 , 4.67 , 4.96 , 0.150078 , 0.369724 , -10.3991 , 11515.6 , 
43523 , 4.92 , 5 , 4.8 , 4.96 , 0.151865 , 0.367334 , 10.0105 , 11487.3 , 
43522 , 4.74 , 5.09 , 4.74 , 5.06 , 0.149917 , 0.374308 , 7.02777 , 11540.8 , 
43521 , 4.94 , 4.99 , 4.86 , 4.86 , 0.148513 , 0.366443 , -5.14188 , 11505.4 , 
43518 , 4.68 , 4.85 , 4.68 , 4.74 , 0.149084 , 0.359449 , -0.168535 , 11457.7 , 
43517 , 4.79 , 4.79 , 4.62 , 4.62 , 0.148998 , 0.353531 , -17.5536 , 11423.3 , 
43516 , 4.34 , 4.73 , 4.34 , 4.72 , 0.152152 , 0.354453 , 4.68382 , 11402 , 
43515 , 4.18 , 4.36 , 4.17 , 4.36 , 0.151271 , 0.337605 , 6.65664 , 11309.2 , 
43514 , 4.17 , 4.26 , 4.12 , 4.26 , 0.149853 , 0.334009 , 3.19982 , 11299.2 , 
43511 , 3.42 , 4.23 , 3.42 , 4.23 , 0.148828 , 0.333213 , -4.04564 , 11299.8 , 
43510 , 3.84 , 3.89 , 3.56 , 3.64 , 0.150181 , 0.300203 , 2.1996 , 11089.8 , 
43509 , 3.81 , 3.86 , 3.66 , 3.86 , 0.149696 , 0.312536 , 6.51103 , 11167.2 , 
43508 , 3.63 , 3.68 , 3.62 , 3.67 , 0.148286 , 0.303575 , 4.34686 , 11126.1 , 
43507 , 3.24 , 3.42 , 3.24 , 3.31 , 0.147478 , 0.28391 , -21.6194 , 11014.6 , 
43504 , 3.41 , 3.46 , 3.07 , 3.23 , 0.15181 , 0.274738 , 6.56133 , 10906.8 , 
43503 , 4.07 , 4.07 , 3.44 , 3.5 , 0.150484 , 0.291232 , 26.6338 , 11022 , 
43502 , 4.29 , 4.29 , 4.21 , 4.25 , 0.146415 , 0.335757 , -2.12211 , 11324.7 , 
43501 , 3.82 , 4.43 , 3.82 , 4.42 , 0.146719 , 0.343912 , -5.01851 , 11368 , 
43500 , 3.98 , 3.98 , 3.65 , 3.87 , 0.14811 , 0.313576 , -8.70645 , 11176.6 , 
43497 , 4.04 , 4.12 , 3.92 , 3.97 , 0.149434 , 0.317044 , -13.4189 , 11180.7 , 
43496 , 4.29 , 4.5 , 3.8 , 4.08 , 0.151932 , 0.31994 , -17.205 , 11173.1 , 
43495 , 4.26 , 4.29 , 4.15 , 4.28 , 0.155155 , 0.326496 , 9.26277 , 11181.7 , 
43494 , 4.31 , 4.38 , 4.21 , 4.31 , 0.153243 , 0.32991 , -12.8305 , 11218.8 , 
43493 , 4.47 , 4.47 , 4.23 , 4.41 , 0.15557 , 0.332198 , 18.2275 , 11210.3 , 
43490 , 4.36 , 4.68 , 4.36 , 4.47 , 0.151744 , 0.338939 , -16.4089 , 11281.8 , 
43489 , 3.99 , 4.2 , 3.96 , 4.15 , 0.155044 , 0.319298 , -2.21729 , 11130.2 , 
43488 , 3.92 , 4.17 , 3.92 , 3.99 , 0.155396 , 0.310665 , 18.7142 , 11071.5 , 
43487 , 4 , 4.15 , 3.83 , 3.86 , 0.151533 , 0.307707 , -20.1815 , 11090.1 , 
43486 , 4.28 , 4.28 , 4.17 , 4.21 , 0.155433 , 0.321514 , -2.86404 , 11136.2 , 
43483 , 3.8 , 4.47 , 3.8 , 4.47 , 0.155661 , 0.33366 , -10.1544 , 11205.5 , 
43482 , 3.62 , 3.73 , 3.53 , 3.73 , 0.15866 , 0.293303 , -4.25604 , 10918.6 , 
43481 , 4.01 , 4.01 , 3.76 , 3.81 , 0.159401 , 0.296666 , -21.7462 , 10931.2 , 
43480 , 4.1 , 4.1 , 3.75 , 3.91 , 0.163706 , 0.297748 , -11.626 , 10891.8 , 
43479 , 3.75 , 3.92 , 3.75 , 3.92 , 0.165955 , 0.296156 , 7.41785 , 10855.9 , 
43476 , 4.05 , 4.05 , 3.8 , 3.94 , 0.164023 , 0.298507 , -0.629415 , 10887.5 , 
43475 , 3.64 , 4.05 , 3.62 , 4.05 , 0.164029 , 0.303857 , 14.6618 , 10921.6 , 
43474 , 3.85 , 3.94 , 3.72 , 3.82 , 0.160942 , 0.294955 , -11.5136 , 10893.3 , 
43473 , 3.4 , 3.76 , 3.4 , 3.68 , 0.163271 , 0.285579 , 8.58639 , 10804 , 
43472 , 3.63 , 3.63 , 3.27 , 3.44 , 0.161384 , 0.274406 , -8.42645 , 10747.8 , 
43469 , 3.08 , 3.58 , 3.06 , 3.58 , 0.162778 , 0.280347 , -17.1621 , 10767.7 , 
43468 , 3.03 , 3.14 , 2.89 , 2.91 , 0.168025 , 0.239757 , 1.89721 , 10416.7 , 
43467 , 3.13 , 3.38 , 2.94 , 3.32 , 0.167875 , 0.26232 , -7.56593 , 10580.2 , 
43462 , 3.11 , 3.37 , 3.11 , 3.34 , 0.168851 , 0.262167 , -17.5093 , 10559 , 
43461 , 3.39 , 3.46 , 2.87 , 3.08 , 0.173022 , 0.245192 , 53.6761 , 10381.5 , 
43455 , 3.31 , 3.44 , 3.2 , 3.2 , 0.160507 , 0.260299 , -11.9424 , 10633.8 , 
43454 , 3.45 , 3.5 , 3.17 , 3.26 , 0.162989 , 0.261541 , 27.5584 , 10611.1 , 
43453 , 3.71 , 3.9 , 3.41 , 3.41 , 0.157155 , 0.274375 , -39.1977 , 10766.2 , 
43452 , 3.56 , 3.85 , 3.56 , 3.73 , 0.165187 , 0.284266 , 29.7233 , 10740.9 , 
43451 , 3.91 , 3.91 , 3.52 , 3.52 , 0.158855 , 0.278607 , -4.46013 , 10772.2 , 
43448 , 3.8 , 3.89 , 3.56 , 3.84 , 0.159528 , 0.294326 , 4.78161 , 10865.8 , 
43447 , 4.04 , 4.12 , 3.88 , 3.97 , 0.15849 , 0.301738 , 0.429854 , 10924.7 , 
43446 , 3.77 , 4.02 , 3.68 , 3.98 , 0.158276 , 0.302327 , -7.12776 , 10929.4 , 
43445 , 3.38 , 3.74 , 3.32 , 3.63 , 0.159872 , 0.282889 , 
13750
43535 , 1.77 , 1.92 , 1.75 , 1.92 , 0.140802 , 0.188462 , 1.89379 , 11543.5 , 
43532 , 1.69 , 1.76 , 1.67 , 1.75 , 0.140042 , 0.176391 , 8.76255 , 11457.8 , 
43531 , 1.83 , 1.89 , 1.75 , 1.77 , 0.137575 , 0.179496 , 2.12386 , 11517.8 , 
43530 , 1.91 , 1.94 , 1.86 , 1.88 , 0.136967 , 0.18794 , -1.59656 , 11587.6 , 
43529 , 1.88 , 1.96 , 1.88 , 1.96 , 0.13727 , 0.193397 , 2.7172 , 11620.7 , 
43528 , 2.13 , 2.13 , 1.84 , 1.88 , 0.13647 , 0.188134 , -20.1974 , 11592.7 , 
43525 , 1.99 , 2.15 , 1.99 , 2.1 , 0.141188 , 0.199856 , 6.04524 , 11601.7 , 
43524 , 1.79 , 1.9 , 1.79 , 1.88 , 0.139683 , 0.185434 , -8.2673 , 11515.6 , 
43523 , 1.89 , 1.92 , 1.84 , 1.91 , 0.141704 , 0.186061 , 6.15799 , 11487.3 , 
43522 , 1.81 , 1.96 , 1.81 , 1.95 , 0.140014 , 0.190011 , 2.48526 , 11540.8 , 
43521 , 1.89 , 1.91 , 1.86 , 1.86 , 0.139271 , 0.18403 , -2.54634 , 11505.4 , 
43518 , 1.79 , 1.86 , 1.78 , 1.8 , 0.139591 , 0.179208 , -3.07371 , 11457.7 , 
43517 , 1.83 , 1.83 , 1.77 , 1.77 , 0.140298 , 0.176459 , -6.78104 , 11423.3 , 
43516 , 1.63 , 1.8 , 1.63 , 1.8 , 0.14199 , 0.177426 , 1.68028 , 11402 , 
43515 , 1.55 , 1.63 , 1.55 , 1.63 , 0.141555 , 0.165155 , 3.37855 , 11309.2 , 
43514 , 1.53 , 1.58 , 1.52 , 1.58 , 0.14047 , 0.161986 , 2.09646 , 11299.2 , 
43511 , 1.23 , 1.56 , 1.23 , 1.56 , 0.13949 , 0.160848 , -4.43477 , 11299.8 , 
43510 , 1.39 , 1.41 , 1.28 , 1.31 , 0.141356 , 0.140159 , 2.43491 , 11089.8 , 
43509 , 1.37 , 1.4 , 1.32 , 1.4 , 0.140558 , 0.147681 , 2.17199 , 11167.2 , 
43508 , 1.32 , 1.33 , 1.3 , 1.32 , 0.139794 , 0.141664 , -1.56936 , 11126.1 , 
43507 , 1.16 , 1.24 , 1.16 , 1.19 , 0.140381 , 0.130678 , -10.6323 , 11014.6 , 
43504 , 1.24 , 1.26 , 1.1 , 1.16 , 0.143726 , 0.126448 , 4.6819 , 10906.8 , 
43503 , 1.52 , 1.52 , 1.25 , 1.27 , 0.142209 , 0.136081 , 17.4482 , 11022 , 
43502 , 1.61 , 1.61 , 1.58 , 1.59 , 0.13808 , 0.163357 , -0.678608 , 11324.7 , 
43501 , 1.4 , 1.67 , 1.4 , 1.67 , 0.138182 , 0.169239 , -4.67104 , 11368 , 
43500 , 1.52 , 1.52 , 1.35 , 1.43 , 0.139927 , 0.149796 , -7.36873 , 11176.6 , 
43497 , 1.57 , 1.6 , 1.5 , 1.51 , 0.141754 , 0.154721 , -8.19921 , 11180.7 , 
43496 , 1.69 , 1.79 , 1.47 , 1.58 , 0.144018 , 0.158613 , -9.58702 , 11173.1 , 
43495 , 1.69 , 1.7 , 1.64 , 1.69 , 0.146636 , 0.165058 , 3.2347 , 11181.7 , 
43494 , 1.73 , 1.75 , 1.69 , 1.72 , 0.145618 , 0.167735 , -7.455 , 11218.8 , 
43493 , 1.8 , 1.8 , 1.7 , 1.78 , 0.147544 , 0.170766 , 10.4303 , 11210.3 , 
43490 , 1.75 , 1.9 , 1.75 , 1.8 , 0.144362 , 0.173897 , -11.6532 , 11281.8 , 
43489 , 1.61 , 1.71 , 1.59 , 1.67 , 0.14769 , 0.162609 , -4.28405 , 11130.2 , 
43488 , 1.58 , 1.69 , 1.58 , 1.62 , 0.148829 , 0.158324 , 8.88535 , 11071.5 , 
43487 , 1.63 , 1.69 , 1.55 , 1.56 , 0.1461 , 0.155374 , -8.37061 , 11090.1 , 
43486 , 1.75 , 1.75 , 1.69 , 1.72 , 0.14844 , 0.165533 , 0.056306 , 11136.2 , 
43483 , 1.56 , 1.84 , 1.56 , 1.84 , 0.148122 , 0.173873 , -11.9304 , 11205.5 , 
43482 , 1.51 , 1.53 , 1.44 , 1.53 , 0.152378 , 0.149625 , -4.06506 , 10918.6 , 
43481 , 1.71 , 1.71 , 1.58 , 1.59 , 0.15348 , 0.153323 , -14.1882 , 10931.2 , 
43480 , 1.77 , 1.77 , 1.6 , 1.67 , 0.157542 , 0.156862 , -6.61905 , 10891.8 , 
43479 , 1.61 , 1.68 , 1.61 , 1.68 , 0.159366 , 0.156607 , 2.99767 , 10855.9 , 
43476 , 1.75 , 1.75 , 1.62 , 1.7 , 0.15809 , 0.158406 , 0.524683 , 10887.5 , 
43475 , 1.51 , 1.75 , 1.5 , 1.75 , 0.157822 , 0.161872 , 11.689 , 10921.6 , 
43474 , 1.6 , 1.64 , 1.55 , 1.59 , 0.154303 , 0.152495 , -6.09843 , 10893.3 , 
43473 , 1.39 , 1.55 , 1.39 , 1.52 , 0.156108 , 0.146614 , 4.22091 , 10804 , 
43472 , 1.49 , 1.49 , 1.33 , 1.4 , 0.154716 , 0.13849 , -4.15693 , 10747.8 , 
43469 , 1.29 , 1.47 , 1.28 , 1.47 , 0.155667 , 0.143006 , -17.7504 , 10767.7 , 
43468 , 1.28 , 1.32 , 1.21 , 1.22 , 0.162754 , 0.121786 , 3.23363 , 10416.7 , 
43467 , 1.33 , 1.43 , 1.24 , 1.41 , 0.161905 , 0.13596 , -4.90351 , 10580.2 , 
43462 , 1.33 , 1.44 , 1.33 , 1.43 , 0.162851 , 0.136762 , -12.7034 , 10559 , 
43461 , 1.46 , 1.51 , 1.24 , 1.33 , 0.167289 , 0.127942 , 29.9615 , 10381.5 , 
43455 , 1.42 , 1.48 , 1.37 , 1.37 , 0.156623 , 0.134602 , -6.0893 , 10633.8 , 
43454 , 1.48 , 1.51 , 1.36 , 1.4 , 0.158485 , 0.135969 , 15.1853 , 10611.1 , 
43453 , 1.6 , 1.7 , 1.47 , 1.47 , 0.153695 , 0.143029 , -17.8089 , 10766.2 , 
43452 , 1.53 , 1.66 , 1.53 , 1.61 , 0.158985 , 0.150429 , 14.5545 , 10740.9 , 
43451 , 1.67 , 1.67 , 1.5 , 1.51 , 0.154413 , 0.145461 , 1.48026 , 10772.2 , 
43448 , 1.62 , 1.66 , 1.52 , 1.64 , 0.153728 , 0.154754 , 3.39167 , 10865.8 , 
43447 , 1.71 , 1.77 , 1.64 , 1.7 , 0.152669 , 0.159368 , 2.74914 , 10924.7 , 
43446 , 1.59 , 1.7 , 1.54 , 1.68 , 0.151764 , 0.158395 , -5.77551 , 10929.4 , 
43445 , 1.4 , 1.57 , 1.37 , 1.52 , 0.153603 , 0.146223 , 
16000
43535 , 0.22 , 0.23 , 0.21 , 0.23 , 0.134441 , 0.0324496 , -1.662 , 11543.5 , 
43532 , 0.21 , 0.22 , 0.21 , 0.22 , 0.135762 , 0.0310834 , 1.8768 , 11457.8 , 
43531 , 0.23 , 0.23 , 0.22 , 0.22 , 0.133769 , 0.0313009 , 1.27811 , 11517.8 , 
43530 , 0.22 , 0.24 , 0.21 , 0.23 , 0.132448 , 0.0326236 , 2.04924 , 11587.6 , 
43529 , 0.21 , 0.22 , 0.2 , 0.22 , 0.130338 , 0.031689 , 0.143424 , 11620.7 , 
43528 , 0.26 , 0.26 , 0.2 , 0.21 , 0.130093 , 0.0305048 , -3.68643 , 11592.7 , 
43525 , 0.23 , 0.26 , 0.23 , 0.25 , 0.133255 , 0.0347661 , 0.307114 , 11601.7 , 
43524 , 0.23 , 0.23 , 0.22 , 0.22 , 0.132983 , 0.0312981 , -2.94225 , 11515.6 , 
43523 , 0.24 , 0.24 , 0.24 , 0.24 , 0.135669 , 0.0332837 , 1.79045 , 11487.3 , 
43522 , 0.23 , 0.24 , 0.23 , 0.24 , 0.133877 , 0.0334914 , -0.143994 , 11540.8 , 
43521 , 0.24 , 0.24 , 0.23 , 0.23 , 0.133912 , 0.0323158 , -1.53278 , 11505.4 , 
43518 , 0.23 , 0.24 , 0.23 , 0.23 , 0.135029 , 0.032141 , -1.102 , 11457.7 , 
43517 , 0.23 , 0.24 , 0.23 , 0.23 , 0.135977 , 0.0320163 , -0.680665 , 11423.3 , 
43516 , 0.2 , 0.23 , 0.2 , 0.23 , 0.136518 , 0.0319403 , 0.359051 , 11402 , 
43515 , 0.19 , 0.2 , 0.19 , 0.2 , 0.136191 , 0.0284708 , 0.72612 , 11309.2 , 
43514 , 0.18 , 0.19 , 0.18 , 0.19 , 0.135279 , 0.0273614 , 0.0164083 , 11299.2 , 
43511 , 0.15 , 0.19 , 0.15 , 0.19 , 0.1349 , 0.027365 , -1.9313 , 11299.8 , 
43510 , 0.17 , 0.17 , 0.16 , 0.16 , 0.137565 , 0.0234813 , 0.919829 , 11089.8 , 
43509 , 0.17 , 0.17 , 0.16 , 0.17 , 0.136355 , 0.0247945 , 0.030258 , 11167.2 , 
43508 , 0.16 , 0.16 , 0.16 , 0.16 , 0.136229 , 0.023572 , -1.47257 , 11126.1 , 
43507 , 0.15 , 0.16 , 0.15 , 0.15 , 0.138148 , 0.0221774 , -2.36533 , 11014.6 , 
43504 , 0.16 , 0.16 , 0.14 , 0.15 , 0.141034 , 0.0219399 , 1.68751 , 10906.8 , 
43503 , 0.19 , 0.19 , 0.16 , 0.16 , 0.138764 , 0.0233211 , 4.63537 , 11022 , 
43502 , 0.21 , 0.21 , 0.2 , 0.2 , 0.134165 , 0.0285278 , 0.286418 , 11324.7 , 
43501 , 0.18 , 0.21 , 0.18 , 0.21 , 0.133776 , 0.0297364 , -1.96219 , 11368 , 
43500 , 0.21 , 0.21 , 0.17 , 0.18 , 0.13619 , 0.0259257 , -2.8811 , 11176.6 , 
43497 , 0.23 , 0.23 , 0.21 , 0.21 , 0.139031 , 0.0291413 , -2.2357 , 11180.7 , 
43496 , 0.25 , 0.26 , 0.22 , 0.23 , 0.141194 , 0.0311752 , -1.71573 , 11173.1 , 
43495 , 0.26 , 0.26 , 0.24 , 0.25 , 0.142745 , 0.0332067 , 0.275724 , 11181.7 , 
43494 , 0.27 , 0.27 , 0.26 , 0.26 , 0.142385 , 0.0343214 , -1.30048 , 11218.8 , 
43493 , 0.28 , 0.28 , 0.26 , 0.27 , 0.143436 , 0.0352648 , 1.60896 , 11210.3 , 
43490 , 0.28 , 0.3 , 0.28 , 0.28 , 0.141693 , 0.0364989 , -3.15702 , 11281.8 , 
43489 , 0.26 , 0.28 , 0.26 , 0.26 , 0.144559 , 0.034015 , -3.03943 , 11130.2 , 
43488 , 0.26 , 0.28 , 0.26 , 0.27 , 0.147209 , 0.0347789 , 1.62917 , 11071.5 , 
43487 , 0.28 , 0.28 , 0.26 , 0.26 , 0.145575 , 0.0338802 , -1.29907 , 11090.1 , 
43486 , 0.29 , 0.29 , 0.28 , 0.29 , 0.146678 , 0.0369047 , 0.706737 , 11136.2 , 
43483 , 0.28 , 0.31 , 0.28 , 0.31 , 0.145775 , 0.0390358 , -5.83495 , 11205.5 , 
43482 , 0.28 , 0.28 , 0.26 , 0.27 , 0.151323 , 0.0342777 , -1.54331 , 10918.6 , 
43481 , 0.33 , 0.33 , 0.29 , 0.29 , 0.152612 , 0.0361876 , -4.52975 , 10931.2 , 
43480 , 0.34 , 0.34 , 0.31 , 0.32 , 0.156364 , 0.0387768 , -2.41862 , 10891.8 , 
43479 , 0.32 , 0.33 , 0.32 , 0.33 , 0.158247 , 0.039538 , 1.25101 , 10855.9 , 
43476 , 0.34 , 0.34 , 0.31 , 0.33 , 0.156816 , 0.0396519 , 0.387588 , 10887.5 , 
43475 , 0.27 , 0.34 , 0.27 , 0.34 , 0.156383 , 0.0406561 , 5.00662 , 10921.6 , 
43474 , 0.28 , 0.29 , 0.27 , 0.28 , 0.152037 , 0.0351397 , -2.03099 , 10893.3 , 
43473 , 0.24 , 0.27 , 0.24 , 0.27 , 0.153842 , 0.0339265 , 0.209729 , 10804 , 
43472 , 0.26 , 0.26 , 0.23 , 0.25 , 0.153566 , 0.0318719 , -0.346306 , 10747.8 , 
43469 , 0.25 , 0.26 , 0.23 , 0.26 , 0.153536 , 0.0328805 , -8.55433 , 10767.7 , 
43468 , 0.25 , 0.26 , 0.24 , 0.24 , 0.162634 , 0.0300667 , 2.44286 , 10416.7 , 
43467 , 0.26 , 0.28 , 0.24 , 0.27 , 0.160273 , 0.0332835 , -1.72487 , 10580.2 , 
43462 , 0.27 , 0.28 , 0.27 , 0.28 , 0.161268 , 0.0341431 , -4.81404 , 10559 , 
43461 , 0.29 , 0.31 , 0.26 , 0.27 , 0.165952 , 0.0327644 , 7.66927 , 10381.5 , 
43455 , 0.29 , 0.3 , 0.28 , 0.28 , 0.157942 , 0.0343595 , -0.779206 , 10633.8 , 
43454 , 0.3 , 0.3 , 0.28 , 0.28 , 0.158545 , 0.034295 , 4.53308 , 10611.1 , 
43453 , 0.31 , 0.33 , 0.29 , 0.29 , 0.154366 , 0.0356719 , -3.96939 , 10766.2 , 
43452 , 0.3 , 0.32 , 0.3 , 0.32 , 0.157663 , 0.0382849 , 3.14601 , 10740.9 , 
43451 , 0.32 , 0.32 , 0.29 , 0.3 , 0.154811 , 0.0366013 , 1.62202 , 10772.2 , 
43448 , 0.31 , 0.32 , 0.3 , 0.32 , 0.153148 , 0.0387094 , 1.34589 , 10865.8 , 
43447 , 0.32 , 0.34 , 0.31 , 0.33 , 0.151957 , 0.0398077 , 2.17989 , 10924.7 , 
43446 , 0.3 , 0.32 , 0.29 , 0.31 , 0.150053 , 0.0380354 , -3.31972 , 10929.4 , 
43445 , 0.26 , 0.29 , 0.26 , 0.29 , 0.152928 , 0.035722 , 
9100
43535 , 27.01 , 27.73 , 26.73 , 27.73 , 0.218683 , 0.85039 , 22.2446 , 11543.5 , 
43532 , 26.35 , 26.84 , 26.25 , 26.78 , 0.211341 , 0.849542 , 33.7695 , 11457.8 , 
43531 , 27.19 , 27.69 , 26.76 , 26.96 , 0.200783 , 0.863399 , -4.43502 , 11517.8 , 
43530 , 27.77 , 27.93 , 27.54 , 27.61 , 0.20205 , 0.867322 , -11.3107 , 11587.6 , 
43529 , 27.64 , 28.05 , 27.56 , 28.01 , 0.20549 , 0.866474 , 18.5709 , 11620.7 , 
43528 , 28.2 , 28.2 , 27.35 , 27.58 , 0.199239 , 0.869982 , -40.2497 , 11592.7 , 
43525 , 27.73 , 28.34 , 27.73 , 28.06 , 0.211417 , 0.859271 , 21.1237 , 11601.7 , 
43524 , 26.41 , 27.25 , 26.41 , 27.11 , 0.204667 , 0.858625 , -5.20582 , 11515.6 , 
43523 , 26.97 , 27 , 26.57 , 26.92 , 0.206082 , 0.855042 , 9.06196 , 11487.3 , 
43522 , 26.43 , 27.32 , 26.43 , 27.29 , 0.203125 , 0.861618 , 28.2929 , 11540.8 , 
43521 , 27.01 , 27.09 , 26.7 , 26.7 , 0.19387 , 0.867423 , -21.8809 , 11505.4 , 
43518 , 26.32 , 26.78 , 26.32 , 26.51 , 0.20027 , 0.857232 , 17.4117 , 11457.7 , 
43517 , 26.69 , 26.69 , 26.04 , 26.04 , 0.194652 , 0.859625 , -48.997 , 11423.3 , 
43516 , 25.67 , 26.38 , 25.47 , 26.35 , 0.209297 , 0.844513 , 11.108 , 11402 , 
43515 , 25.11 , 25.47 , 24.78 , 25.46 , 0.205932 , 0.839719 , 6.58594 , 11309.2 , 
43514 , 25.21 , 25.31 , 24.95 , 25.31 , 0.203827 , 0.840581 , 2.50434 , 11299.2 , 
43511 , 23 , 25.29 , 23 , 25.29 , 0.202509 , 0.841364 , -9.25716 , 11299.8 , 
43510 , 24.32 , 24.41 , 23.5 , 23.66 , 0.20554 , 0.820235 , -1.99015 , 11089.8 , 
43509 , 24.02 , 24.39 , 23.78 , 24.32 , 0.205958 , 0.826683 , 17.9637 , 11167.2 , 
43508 , 23.62 , 23.88 , 23.62 , 23.8 , 0.200778 , 0.827337 , 25.2234 , 11126.1 , 
43507 , 22.24 , 22.88 , 22.24 , 22.63 , 0.193661 , 0.823181 , -47.4347 , 11014.6 , 
43504 , 22.58 , 22.87 , 21.62 , 22.24 , 0.206079 , 0.801735 , 18.1002 , 10906.8 , 
43503 , 24.75 , 24.77 , 22.91 , 23 , 0.201333 , 0.816564 , 38.9774 , 11022 , 
43502 , 25.38 , 25.38 , 25.12 , 25.19 , 0.191609 , 0.852254 , -19.2098 , 11324.7 , 
43501 , 24.13 , 25.75 , 24.13 , 25.75 , 0.197152 , 0.850428 , -7.21023 , 11368 , 
43500 , 24.23 , 24.23 , 23.58 , 24.23 , 0.199557 , 0.831818 , 3.39919 , 11176.6 , 
43497 , 24.3 , 24.46 , 23.98 , 24.23 , 0.198041 , 0.83312 , -7.2803 , 11180.7 , 
43496 , 24.71 , 25.28 , 23.37 , 24.24 , 0.199885 , 0.830665 , -35.9539 , 11173.1 , 
43495 , 24.56 , 24.74 , 24.26 , 24.67 , 0.209511 , 0.823089 , 28.9631 , 11181.7 , 
43494 , 24.64 , 24.9 , 24.42 , 24.69 , 0.201442 , 0.833015 , -30.032 , 11218.8 , 
43493 , 25.08 , 25.08 , 24.44 , 24.92 , 0.209495 , 0.825304 , 45.2059 , 11210.3 , 
43490 , 24.68 , 25.56 , 24.68 , 25.07 , 0.196533 , 0.842269 , -32.4533 , 11281.8 , 
43489 , 23.42 , 24.15 , 23.42 , 24.15 , 0.205756 , 0.820876 , 21.882 , 11130.2 , 
43488 , 23.27 , 24.03 , 23.27 , 23.45 , 0.199714 , 0.820569 , 30.4089 , 11071.5 , 
43487 , 23.61 , 24.08 , 23.07 , 23.3 , 0.191279 , 0.82975 , -52.1383 , 11090.1 , 
43486 , 24.46 , 24.46 , 24.08 , 24.2 , 0.205202 , 0.82148 , -20.9337 , 11136.2 , 
43483 , 22.99 , 24.98 , 22.99 , 24.98 , 0.210224 , 0.822992 , 10.8775 , 11205.5 , 
43482 , 21.97 , 22.58 , 21.85 , 22.58 , 0.208144 , 0.798559 , 13.1262 , 10918.6 , 
43481 , 22.53 , 22.59 , 22.13 , 22.55 , 0.20464 , 0.802384 , -21.3413 , 10931.2 , 
43480 , 22.9 , 22.9 , 21.86 , 22.45 , 0.209864 , 0.794449 , -15.2821 , 10891.8 , 
43479 , 21.84 , 22.32 , 21.77 , 22.32 , 0.21348 , 0.788246 , 15.052 , 10855.9 , 
43476 , 22.84 , 22.84 , 22.15 , 22.42 , 0.209221 , 0.794049 , -25.9473 , 10887.5 , 
43475 , 21.87 , 22.95 , 21.87 , 22.95 , 0.215439 , 0.792641 , 32.5 , 10921.6 , 
43474 , 22.6 , 22.87 , 22.25 , 22.4 , 0.207193 , 0.795912 , -35.763 , 10893.3 , 
43473 , 21.29 , 22.43 , 21.29 , 22.06 , 0.215916 , 0.780873 , 26.2047 , 10804 , 
43472 , 22.03 , 22.03 , 20.88 , 21.36 , 0.209427 , 0.779678 , -33.5672 , 10747.8 , 
43469 , 19.82 , 21.85 , 19.67 , 21.85 , 0.216889 , 0.776264 , 12.0581 , 10767.7 , 
43468 , 19.6 , 19.77 , 19.05 , 19.13 , 0.21539 , 0.740512 , -9.25928 , 10416.7 , 
43467 , 19.71 , 20.62 , 19.15 , 20.46 , 0.217617 , 0.756684 , -1.01702 , 10580.2 , 
43462 , 19.31 , 20.42 , 19.31 , 20.31 , 0.216916 , 0.754434 , -35.7431 , 10559 , 
43461 , 20.53 , 20.53 , 18.49 , 19.37 , 0.225244 , 0.731152 , 159.117 , 10381.5 , 
43455 , 20.26 , 20.58 , 19.75 , 19.75 , 0.189088 , 0.781247 , -48.4925 , 10633.8 , 
43454 , 20.61 , 20.85 , 19.72 , 20.06 , 0.200481 , 0.769897 , 62.8317 , 10611.1 , 
43453 , 21.68 , 22.06 , 20.47 , 20.67 , 0.185678 , 0.798346 , -111.619 , 10766.2 , 
43452 , 21.07 , 22.14 , 21.07 , 21.59 , 0.212497 , 0.774813 , 87.8551 , 10740.9 , 
43451 , 22.28 , 22.28 , 20.96 , 20.96 , 0.191348 , 0.793822 , -40.5901 , 10772.2 , 
43448 , 21.88 , 22.48 , 21.3 , 22.11 , 0.200793 , 0.795239 , -0.809289 , 10865.8 , 
43447 , 23.13 , 23.13 , 22.53 , 22.59 , 0.200859 , 0.800783 , -24.2324 , 10924.7 , 
43446 , 22.2 , 23 , 21.99 , 22.87 , 0.206614 , 0.796625 , -23.8663 , 10929.4 , 
43445 , 21.13 , 22.27 , 20.89 , 21.95 , 0.212457 , 0.778044 , 
9500
43535 , 23.66 , 24.35 , 23.4 , 24.35 , 0.208663 , 0.818167 , 19.2287 , 11543.5 , 
43532 , 23.03 , 23.5 , 22.94 , 23.46 , 0.203 , 0.8147 , 33.6597 , 11457.8 , 
43531 , 23.84 , 24.31 , 23.42 , 23.62 , 0.193856 , 0.828217 , -0.73834 , 11517.8 , 
43530 , 24.39 , 24.55 , 24.17 , 24.21 , 0.193925 , 0.834332 , -13.3916 , 11587.6 , 
43529 , 24.27 , 24.66 , 24.19 , 24.62 , 0.197458 , 0.833836 , 17.5265 , 11620.7 , 
43528 , 24.82 , 24.82 , 23.99 , 24.21 , 0.192361 , 0.835956 , -39.5414 , 11592.7 , 
43525 , 24.36 , 24.95 , 24.36 , 24.68 , 0.202643 , 0.826953 , 20.0975 , 11601.7 , 
43524 , 23.09 , 23.9 , 23.09 , 23.77 , 0.19706 , 0.824064 , -6.21391 , 11515.6 , 
43523 , 23.63 , 23.69 , 23.26 , 23.6 , 0.198542 , 0.820002 , 10.2293 , 11487.3 , 
43522 , 23.12 , 23.96 , 23.12 , 23.94 , 0.195655 , 0.827336 , 27.5739 , 11540.8 , 
43521 , 23.66 , 23.74 , 23.37 , 23.37 , 0.187903 , 0.831236 , -16.2302 , 11505.4 , 
43518 , 22.99 , 23.44 , 22.99 , 23.14 , 0.191807 , 0.822621 , 9.71348 , 11457.7 , 
43517 , 23.37 , 23.37 , 22.76 , 22.76 , 0.189025 , 0.821804 , -46.2394 , 11423.3 , 
43516 , 22.41 , 23.06 , 22.22 , 23.05 , 0.200971 , 0.808965 , 12.5451 , 11402 , 
43515 , 21.85 , 22.2 , 21.6 , 22.18 , 0.197657 , 0.802662 , 6.96008 , 11309.2 , 
43514 , 21.94 , 22.03 , 21.7 , 22.03 , 0.195703 , 0.803203 , 1.48191 , 11299.2 , 
43511 , 19.83 , 22.02 , 19.83 , 22.02 , 0.194765 , 0.803674 , -8.73782 , 11299.8 , 
43510 , 21.09 , 21.16 , 20.33 , 20.47 , 0.197363 , 0.779668 , -1.01485 , 11089.8 , 
43509 , 20.8 , 21.15 , 20.58 , 21.09 , 0.197497 , 0.787621 , 16.6385 , 11167.2 , 
43508 , 20.43 , 20.67 , 20.43 , 20.6 , 0.193253 , 0.786624 , 24.1293 , 11126.1 , 
43507 , 19.12 , 19.7 , 19.12 , 19.49 , 0.187311 , 0.779178 , -44.7799 , 11014.6 , 
43504 , 19.44 , 19.71 , 18.53 , 19.12 , 0.197613 , 0.758558 , 19.2861 , 10906.8 , 
43503 , 21.49 , 21.53 , 19.75 , 19.82 , 0.193124 , 0.774788 , 36.2265 , 11022 , 
43502 , 22.1 , 22.1 , 21.86 , 21.92 , 0.185411 , 0.813434 , -17.8091 , 11324.7 , 
43501 , 20.91 , 22.45 , 20.91 , 22.45 , 0.189831 , 0.813463 , -7.58181 , 11368 , 
43500 , 21.01 , 21.01 , 20.38 , 21.01 , 0.192077 , 0.791962 , 2.23524 , 11176.6 , 
43497 , 21.1 , 21.25 , 20.79 , 21.02 , 0.190991 , 0.792942 , -7.97684 , 11180.7 , 
43496 , 21.49 , 22.04 , 20.2 , 21.04 , 0.192762 , 0.790524 , -35.2833 , 11173.1 , 
43495 , 21.36 , 21.51 , 21.06 , 21.46 , 0.201082 , 0.78459 , 26.4948 , 11181.7 , 
43494 , 21.43 , 21.67 , 21.22 , 21.49 , 0.194542 , 0.793514 , -27.708 , 11218.8 , 
43493 , 21.79 , 21.79 , 21.34 , 21.7 , 0.201067 , 0.787264 , 43.4172 , 11210.3 , 
43490 , 21.47 , 22.31 , 21.47 , 21.84 , 0.190065 , 0.803256 , -32.3868 , 11281.8 , 
43489 , 20.29 , 20.98 , 20.29 , 20.98 , 0.198149 , 0.780863 , 20.3526 , 11130.2 , 
43488 , 20.14 , 20.87 , 20.14 , 20.32 , 0.193175 , 0.778439 , 31.6105 , 11071.5 , 
43487 , 20.47 , 20.91 , 19.97 , 20.15 , 0.185483 , 0.786765 , -50.9718 , 11090.1 , 
43486 , 21.27 , 21.27 , 20.91 , 21.02 , 0.19744 , 0.781697 , -19.5511 , 11136.2 , 
43483 , 19.88 , 21.76 , 19.88 , 21.76 , 0.201549 , 0.785247 , 9.1432 , 11205.5 , 
43482 , 18.95 , 19.5 , 18.83 , 19.5 , 0.200249 , 0.75581 , 10.5773 , 10918.6 , 
43481 , 19.5 , 19.53 , 19.11 , 19.49 , 0.197681 , 0.758892 , -22.6292 , 10931.2 , 
43480 , 19.85 , 19.85 , 18.88 , 19.42 , 0.202633 , 0.751054 , -15.7261 , 10891.8 , 
43479 , 18.86 , 19.31 , 18.8 , 19.31 , 0.205974 , 0.744877 , 14.6776 , 10855.9 , 
43476 , 19.78 , 19.78 , 19.11 , 19.4 , 0.202192 , 0.750485 , -21.3615 , 10887.5 , 
43475 , 18.86 , 19.87 , 18.86 , 19.87 , 0.206766 , 0.751209 , 31.7212 , 10921.6 , 
43474 , 19.54 , 19.78 , 19.17 , 19.34 , 0.199516 , 0.752715 , -34.9203 , 10893.3 , 
43473 , 18.3 , 19.37 , 18.3 , 19.03 , 0.207187 , 0.73786 , 24.7355 , 10804 , 
43472 , 19 , 19 , 17.92 , 18.37 , 0.201636 , 0.734624 , -31.4261 , 10747.8 , 
43469 , 16.96 , 18.83 , 16.82 , 18.83 , 0.207914 , 0.733056 , 8.23677 , 10767.7 , 
43468 , 16.76 , 16.92 , 16.25 , 16.32 , 0.207558 , 0.691574 , -8.81314 , 10416.7 , 
43467 , 16.88 , 17.71 , 16.35 , 17.57 , 0.209548 , 0.710491 , -3.02685 , 10580.2 , 
43462 , 16.52 , 17.55 , 16.52 , 17.45 , 0.209291 , 0.707791 , -32.3528 , 10559 , 
43461 , 17.64 , 17.64 , 15.78 , 16.56 , 0.21627 , 0.683871 , 148.052 , 10381.5 , 
43455 , 17.38 , 17.69 , 16.92 , 16.92 , 0.185451 , 0.729466 , -43.3814 , 10633.8 , 
43454 , 17.71 , 17.93 , 16.88 , 17.19 , 0.194572 , 0.720988 , 61.1013 , 10611.1 , 
43453 , 18.71 , 19.07 , 17.56 , 17.74 , 0.181689 , 0.748507 , -107.495 , 10766.2 , 
43452 , 18.14 , 19.13 , 18.14 , 18.63 , 0.204813 , 0.730435 , 85.3472 , 10740.9 , 
43451 , 19.24 , 19.26 , 18.01 , 18.01 , 0.186312 , 0.745668 , -38.7553 , 10772.2 , 
43448 , 18.88 , 19.45 , 18.34 , 19.1 , 0.194338 , 0.750724 , -0.373985 , 10865.8 , 
43447 , 20.04 , 20.04 , 19.49 , 19.55 , 0.194296 , 0.757261 , -21.4313 , 10924.7 , 
43446 , 19.17 , 19.92 , 18.97 , 19.8 , 0.198828 , 0.754565 , -18.5191 , 10929.4 , 
43445 , 18.15 , 19.23 , 17.93 , 18.89 , 0.202959 , 0.735422 , 
9800
43535 , 21.24 , 21.9 , 20.99 , 21.9 , 0.201506 , 0.790099 , 18.7702 , 11543.5 , 
43532 , 20.64 , 21.09 , 20.55 , 21.04 , 0.196422 , 0.785021 , 31.8425 , 11457.8 , 
43531 , 21.41 , 21.85 , 21.04 , 21.2 , 0.188534 , 0.797908 , -2.82536 , 11517.8 , 
43530 , 21.95 , 22.09 , 21.73 , 21.79 , 0.18911 , 0.804448 , -11.3384 , 11587.6 , 
43529 , 21.83 , 22.2 , 21.75 , 22.17 , 0.191778 , 0.805231 , 17.3555 , 11620.7 , 
43528 , 22.37 , 22.37 , 21.56 , 21.77 , 0.187209 , 0.806423 , -39.7966 , 11592.7 , 
43525 , 21.92 , 22.49 , 21.92 , 22.24 , 0.196555 , 0.798636 , 20.662 , 11601.7 , 
43524 , 20.7 , 21.48 , 20.7 , 21.35 , 0.191345 , 0.794257 , -6.36473 , 11515.6 , 
43523 , 21.22 , 21.27 , 20.87 , 21.19 , 0.19272 , 0.790006 , 9.63745 , 11487.3 , 
43522 , 20.73 , 21.53 , 20.73 , 21.52 , 0.190232 , 0.797558 , 26.6839 , 11540.8 , 
43521 , 21.25 , 21.33 , 20.97 , 20.97 , 0.183448 , 0.799885 , -15.7385 , 11505.4 , 
43518 , 20.62 , 21.04 , 20.62 , 20.75 , 0.186815 , 0.791338 , 8.82391 , 11457.7 , 
43517 , 20.98 , 20.98 , 20.39 , 20.39 , 0.184507 , 0.789547 , -43.5897 , 11423.3 , 
43516 , 20.05 , 20.68 , 19.88 , 20.66 , 0.194732 , 0.77847 , 10.5486 , 11402 , 
43515 , 19.51 , 19.85 , 19.28 , 19.84 , 0.192175 , 0.770285 , 7.28709 , 11309.2 , 
43514 , 19.59 , 19.69 , 19.37 , 19.69 , 0.190303 , 0.770534 , 2.46243 , 11299.2 , 
43511 , 17.58 , 19.67 , 17.58 , 19.67 , 0.18919 , 0.771143 , -6.4985 , 11299.8 , 
43510 , 18.77 , 18.85 , 18.04 , 18.17 , 0.191108 , 0.745196 , -1.61287 , 11089.8 , 
43509 , 18.49 , 18.83 , 18.28 , 18.77 , 0.191365 , 0.754067 , 16.0674 , 11167.2 , 
43508 , 18.12 , 18.36 , 18.12 , 18.3 , 0.187586 , 0.751895 , 23.281 , 11126.1 , 
43507 , 16.9 , 17.48 , 16.9 , 17.24 , 0.18234 , 0.741939 , -44.7978 , 11014.6 , 
43504 , 17.21 , 17.47 , 16.34 , 16.91 , 0.191836 , 0.721622 , 18.1004 , 10906.8 , 
43503 , 19.16 , 19.19 , 17.51 , 17.58 , 0.187938 , 0.738467 , 37.1079 , 11022 , 
43502 , 19.74 , 19.74 , 19.51 , 19.57 , 0.180777 , 0.780006 , -17.1986 , 11324.7 , 
43501 , 18.6 , 20.08 , 18.6 , 20.08 , 0.184644 , 0.781343 , -7.04048 , 11368 , 
43500 , 18.72 , 18.72 , 18.1 , 18.7 , 0.186606 , 0.757785 , 2.09577 , 11176.6 , 
43497 , 18.8 , 18.95 , 18.5 , 18.71 , 0.185616 , 0.758712 , -10.7159 , 11180.7 , 
43496 , 19.19 , 19.71 , 17.94 , 18.76 , 0.187846 , 0.756004 , -33.5659 , 11173.1 , 
43495 , 19.06 , 19.2 , 18.78 , 19.16 , 0.195118 , 0.7516 , 24.2401 , 11181.7 , 
43494 , 19.14 , 19.38 , 18.94 , 19.2 , 0.189586 , 0.759759 , -26.4287 , 11218.8 , 
43493 , 19.54 , 19.54 , 18.96 , 19.4 , 0.195296 , 0.754507 , 42.0197 , 11210.3 , 
43490 , 19.18 , 19.98 , 19.18 , 19.53 , 0.18548 , 0.769719 , -30.2489 , 11281.8 , 
43489 , 18.06 , 18.7 , 18.06 , 18.7 , 0.192424 , 0.746973 , 17.4481 , 11130.2 , 
43488 , 17.92 , 18.61 , 17.92 , 18.09 , 0.188473 , 0.742704 , 28.9206 , 11071.5 , 
43487 , 18.23 , 18.65 , 17.74 , 17.94 , 0.181988 , 0.749615 , -46.5399 , 11090.1 , 
43486 , 18.98 , 18.98 , 18.65 , 18.75 , 0.19201 , 0.747671 , -17.7946 , 11136.2 , 
43483 , 17.67 , 19.45 , 17.67 , 19.45 , 0.195413 , 0.752893 , 7.50928 , 11205.5 , 
43482 , 16.8 , 17.31 , 16.69 , 17.31 , 0.194666 , 0.719681 , 8.1148 , 10918.6 , 
43481 , 17.36 , 17.36 , 16.97 , 17.32 , 0.192788 , 0.722245 , -23.1943 , 10931.2 , 
43480 , 17.69 , 17.69 , 16.76 , 17.27 , 0.197511 , 0.714678 , -16.4232 , 10891.8 , 
43479 , 16.75 , 17.18 , 16.69 , 17.18 , 0.200773 , 0.708564 , 13.5232 , 10855.9 , 
43476 , 17.61 , 17.61 , 16.98 , 17.27 , 0.197457 , 0.713895 , -18.5635 , 10887.5 , 
43475 , 16.73 , 17.7 , 16.73 , 17.7 , 0.201147 , 0.715985 , 30.7582 , 10921.6 , 
43474 , 17.36 , 17.61 , 17.06 , 17.19 , 0.194576 , 0.716031 , -32.6813 , 10893.3 , 
43473 , 16.19 , 17.2 , 16.19 , 16.89 , 0.201282 , 0.701607 , 23.8567 , 10804 , 
43472 , 16.86 , 16.86 , 15.83 , 16.26 , 0.196254 , 0.696859 , -30.15 , 10747.8 , 
43469 , 14.95 , 16.7 , 14.82 , 16.7 , 0.201881 , 0.696652 , 6.3564 , 10767.7 , 
43468 , 14.77 , 14.92 , 14.28 , 14.35 , 0.20205 , 0.65135 , -8.06027 , 10416.7 , 
43467 , 14.89 , 15.67 , 14.38 , 15.53 , 0.203819 , 0.672289 , -4.21174 , 10580.2 , 
43462 , 14.57 , 15.52 , 14.57 , 15.43 , 0.203792 , 0.6694 , -32.4425 , 10559 , 
43461 , 15.6 , 15.62 , 13.87 , 14.61 , 0.210459 , 0.644928 , 142.435 , 10381.5 , 
43455 , 15.36 , 15.66 , 14.92 , 14.92 , 0.182305 , 0.687388 , -42.4624 , 10633.8 , 
43454 , 15.67 , 15.88 , 14.88 , 15.19 , 0.190664 , 0.680547 , 57.6547 , 10611.1 , 
43453 , 16.61 , 16.95 , 15.53 , 15.71 , 0.179303 , 0.706946 , -99.5608 , 10766.2 , 
43452 , 16.07 , 17.02 , 16.07 , 16.53 , 0.199291 , 0.693543 , 78.0818 , 10740.9 , 
43451 , 17.11 , 17.12 , 15.97 , 15.97 , 0.183424 , 0.70525 , -33.2409 , 10772.2 , 
43448 , 16.76 , 17.3 , 16.24 , 16.97 , 0.189786 , 0.713471 , 1.48345 , 10865.8 , 
43447 , 17.85 , 17.85 , 17.32 , 17.38 , 0.189366 , 0.720905 , -19.5988 , 10924.7 , 
43446 , 17.02 , 17.74 , 16.83 , 17.61 , 0.19321 , 0.719184 , -23.0379 , 10929.4 , 
43445 , 16.05 , 17.06 , 15.84 , 16.8 , 0.198005 , 0.698617 , 
